{"type":"FeatureCollection","name":"Крымское ЛОХ и ХАНФИЛД","features":[{"type":"Feature","properties":{"name":"Крымское лесоохотничье хозяйство","kind":"territory","color":"#00A5CF","source_file":"Координаты_Крымское_ЛОХ_и_ХАНФИЛД.xlsx","source_sheet":"Крымское ЛОХ","source_point_count":919,"source_pages":[429,430,431,432,433,434,435,436],"internal_ring_count":0,"external_ring_count":1,"geometry_repairs":[{"ring":0,"kind":"zero_area_backtrack","point":[34.830972,44.991599]},{"ring":0,"kind":"8cm_loop_source_point_529","point":[34.871028,45.009912]}],"degenerate_internal_points":[[34.838852,44.967838]],"removed_consecutive_duplicates":21,"geometry_note":"Основной контур и внутренние исключения разделены. Вырожденные внутренние контуры из одинаковых координат не имеют площади и не добавлены как полигоны."},"geometry":{"type":"Polygon","coordinates":[[[34.854734,44.995822],[34.854695,44.995747],[34.854695,44.995709],[34.854649,44.995637],[34.854625,44.99562],[34.854591,44.995563],[34.854401,44.995473],[34.854225,44.995401],[34.854342,44.995251],[34.854667,44.995316],[34.855024,44.995387],[34.855563,44.995495],[34.855589,44.9955],[34.855611,44.995505],[34.855597,44.995607],[34.855571,44.9956],[34.855576,44.995755],[34.855615,44.995858],[34.855662,44.995983],[34.855722,44.996143],[34.855638,44.996172],[34.855623,44.996177],[34.855613,44.996175],[34.855614,44.996198],[34.855639,44.996192],[34.856387,44.996005],[34.857102,44.996131],[34.857129,44.996136],[34.857128,44.996145],[34.85708,44.996653],[34.857079,44.996666],[34.857151,44.996748],[34.857136,44.996783],[34.857137,44.996781],[34.857254,44.996797],[34.857561,44.996835],[34.857566,44.996823],[34.857683,44.99685],[34.857976,44.996886],[34.858115,44.99671],[34.85816,44.996653],[34.85816,44.99649],[34.858839,44.996717],[34.858867,44.996719],[34.858881,44.996643],[34.858912,44.996646],[34.85921,44.996674],[34.859356,44.996688],[34.859643,44.996715],[34.859658,44.996778],[34.859754,44.996786],[34.859781,44.996788],[34.859797,44.996796],[34.860112,44.996958],[34.860227,44.997005],[34.860226,44.997006],[34.860216,44.997011],[34.860219,44.997021],[34.860617,44.9972],[34.860695,44.997235],[34.860694,44.997236],[34.860685,44.997252],[34.860742,44.997281],[34.860913,44.997369],[34.860377,44.997964],[34.860351,44.997992],[34.860197,44.998163],[34.860187,44.998175],[34.860176,44.998186],[34.859579,44.998848],[34.859632,44.998893],[34.859659,44.998916],[34.860366,44.999511],[34.860351,44.999669],[34.86035,44.999687],[34.860331,44.999904],[34.86027,45.000585],[34.860267,45.000617],[34.860185,45.000856],[34.860144,45.000972],[34.861754,45.001585],[34.861797,45.001602],[34.862115,45.001787],[34.862868,45.002225],[34.863991,45.002852],[34.86407,45.003241],[34.864823,45.003276],[34.864842,45.003259],[34.864974,45.003136],[34.865292,45.00284],[34.865806,45.002546],[34.866518,45.002554],[34.865886,45.003619],[34.865707,45.00392],[34.86564,45.004034],[34.863884,45.003598],[34.863752,45.003728],[34.863488,45.003913],[34.863441,45.003946],[34.862884,45.004337],[34.862752,45.004418],[34.862677,45.004462],[34.862272,45.004076],[34.861866,45.003691],[34.861825,45.003651],[34.861784,45.003612],[34.860861,45.002724],[34.860817,45.002682],[34.860109,45.002153],[34.856173,45.000443],[34.856147,45.000431],[34.85406,44.999387],[34.853566,44.999046],[34.852907,44.998591],[34.85218,44.998189],[34.851841,44.998001],[34.851213,44.997741],[34.850464,44.997431],[34.850448,44.997426],[34.850405,44.997591],[34.850024,44.998059],[34.850005,44.998085],[34.849793,44.9983],[34.849078,44.998035],[34.849028,44.998012],[34.848812,44.997931],[34.848372,44.997795],[34.847731,44.997597],[34.847517,44.997863],[34.847513,44.997867],[34.847239,44.99821],[34.847237,44.998212],[34.847165,44.998214],[34.846973,44.998219],[34.846792,44.998225],[34.846586,44.998501],[34.846233,44.998375],[34.846335,44.998237],[34.845834,44.99825],[34.845568,44.99826],[34.84369,44.99864],[34.843172,44.998744],[34.843148,44.998749],[34.843147,44.998749],[34.843134,44.998678],[34.843112,44.998565],[34.843054,44.998252],[34.843014,44.998037],[34.842819,44.997849],[34.84281,44.997839],[34.842515,44.997552],[34.84222,44.997457],[34.842281,44.997163],[34.841926,44.997098],[34.84193,44.997084],[34.842281,44.995921],[34.841459,44.995618],[34.841379,44.995589],[34.841172,44.995514],[34.841068,44.995606],[34.841067,44.995607],[34.841065,44.995608],[34.840509,44.995533],[34.840348,44.995634],[34.840064,44.995579],[34.839984,44.995559],[34.839424,44.99542],[34.8394,44.995414],[34.839376,44.995408],[34.839296,44.995388],[34.839163,44.995355],[34.839143,44.99535],[34.839078,44.995475],[34.838582,44.996429],[34.83661,44.995889],[34.835637,44.994833],[34.835567,44.994757],[34.834444,44.994433],[34.834426,44.994428],[34.834408,44.994422],[34.830436,44.993274],[34.830472,44.992821],[34.830778,44.991614],[34.830518,44.991615],[34.830003,44.991616],[34.829977,44.991616],[34.828274,44.991639],[34.828235,44.991639],[34.824691,44.991686],[34.823244,44.991705],[34.822184,44.991718],[34.822133,44.991719],[34.820962,44.991734],[34.820924,44.991735],[34.818897,44.991761],[34.817694,44.991777],[34.817669,44.991777],[34.816615,44.991792],[34.815068,44.991814],[34.814183,44.991827],[34.811332,44.991867],[34.810811,44.991874],[34.810448,44.992083],[34.810652,44.992698],[34.810729,44.993181],[34.810782,44.993511],[34.811154,44.995845],[34.811284,44.996143],[34.813585,44.996316],[34.81359,44.99633],[34.813718,44.996704],[34.813164,44.998313],[34.812236,44.997939],[34.811385,44.997596],[34.811239,44.997553],[34.808337,44.997589],[34.806459,44.997461],[34.806284,44.997461],[34.805369,44.998622],[34.805221,44.99881],[34.805456,45.000311],[34.806418,45.000973],[34.806444,45.000991],[34.805799,45.001647],[34.805522,45.001928],[34.80489,45.002571],[34.804615,45.002851],[34.804603,45.002863],[34.804592,45.002874],[34.80418,45.003293],[34.805827,45.004346],[34.805842,45.004355],[34.805857,45.004365],[34.806501,45.004777],[34.809167,45.00648],[34.809144,45.00652],[34.808876,45.006986],[34.808521,45.007605],[34.808416,45.007788],[34.80831,45.009132],[34.808951,45.009874],[34.812091,45.009797],[34.812824,45.00978],[34.812888,45.009778],[34.813268,45.009769],[34.816344,45.009694],[34.816399,45.009692],[34.817196,45.009673],[34.817234,45.009672],[34.817891,45.009656],[34.81793,45.009655],[34.818972,45.009629],[34.818972,45.009648],[34.818972,45.009882],[34.819044,45.010885],[34.819047,45.010929],[34.819235,45.013584],[34.819238,45.01363],[34.819242,45.013689],[34.819246,45.013735],[34.81931,45.014649],[34.819312,45.014676],[34.819384,45.015683],[34.819462,45.01678],[34.819602,45.018758],[34.819603,45.018776],[34.819629,45.018775],[34.820596,45.018737],[34.820645,45.018735],[34.821086,45.018718],[34.822325,45.018669],[34.822365,45.018668],[34.822566,45.01866],[34.823608,45.018619],[34.824271,45.018592],[34.825729,45.018535],[34.825779,45.018533],[34.827222,45.018476],[34.832168,45.01828],[34.832215,45.018899],[34.832295,45.019297],[34.832286,45.019649],[34.832254,45.020965],[34.832541,45.024039],[34.832609,45.024769],[34.832865,45.027508],[34.832866,45.027526],[34.832917,45.028275],[34.832919,45.028303],[34.833224,45.032767],[34.833226,45.032799],[34.833298,45.033845],[34.83342,45.035641],[34.833421,45.035659],[34.833626,45.03896],[34.833662,45.039549],[34.833664,45.039578],[34.833807,45.041893],[34.833975,45.044603],[34.833976,45.044621],[34.834021,45.045183],[34.834025,45.04524],[34.83422,45.047695],[34.834222,45.047728],[34.834359,45.049462],[34.834384,45.049453],[34.834598,45.049373],[34.836146,45.048797],[34.836163,45.04879],[34.836237,45.048763],[34.83647,45.048676],[34.837087,45.048571],[34.838582,45.048318],[34.840464,45.047881],[34.840447,45.047827],[34.840473,45.047819],[34.841109,45.047637],[34.841402,45.047554],[34.841576,45.047504],[34.841749,45.047455],[34.842064,45.047365],[34.842378,45.047275],[34.842998,45.047098],[34.843339,45.047001],[34.843595,45.046943],[34.843613,45.046939],[34.843632,45.046935],[34.844229,45.0468],[34.84484,45.046662],[34.845445,45.046525],[34.846045,45.04639],[34.84664,45.046255],[34.846799,45.04622],[34.846824,45.046214],[34.847231,45.046122],[34.847816,45.04599],[34.848397,45.045859],[34.848631,45.045806],[34.849036,45.045897],[34.849739,45.046054],[34.850472,45.046218],[34.85124,45.046389],[34.851603,45.04647],[34.851635,45.046573],[34.85326,45.046919],[34.854491,45.048627],[34.854509,45.048653],[34.854528,45.048678],[34.856456,45.051353],[34.856537,45.051465],[34.857937,45.051006],[34.857975,45.050993],[34.858013,45.050981],[34.859909,45.050358],[34.860093,45.050298],[34.860118,45.050292],[34.862562,45.049705],[34.866766,45.048862],[34.866787,45.048858],[34.866808,45.048854],[34.871599,45.047986],[34.872897,45.04775],[34.872922,45.047746],[34.875028,45.047406],[34.875521,45.047326],[34.877095,45.047071],[34.879393,45.047433],[34.879702,45.047326],[34.879472,45.047441],[34.879467,45.047445],[34.885937,45.048464],[34.885964,45.048469],[34.887174,45.048694],[34.88728,45.048862],[34.887805,45.049786],[34.888446,45.050916],[34.889233,45.052023],[34.891405,45.05508],[34.892272,45.055716],[34.894033,45.056244],[34.895829,45.057577],[34.896047,45.057739],[34.896598,45.057662],[34.896878,45.057623],[34.896897,45.05762],[34.896916,45.057618],[34.897411,45.057548],[34.898425,45.057407],[34.897633,45.056927],[34.897498,45.054387],[34.897552,45.054368],[34.899461,45.053704],[34.900802,45.055246],[34.906577,45.056192],[34.907616,45.054711],[34.902649,45.052922],[34.904645,45.051222],[34.904729,45.051064],[34.90487,45.050796],[34.905394,45.050413],[34.905533,45.050466],[34.905667,45.050352],[34.905682,45.050338],[34.905698,45.050325],[34.906677,45.049491],[34.907059,45.048802],[34.907561,45.047898],[34.907589,45.047862],[34.907598,45.04785],[34.907608,45.047839],[34.907786,45.047614],[34.907836,45.047485],[34.907681,45.045706],[34.907575,45.044481],[34.907574,45.044463],[34.907558,45.044223],[34.90741,45.041956],[34.907821,45.041826],[34.907813,45.041768],[34.907839,45.041756],[34.907771,45.040266],[34.90777,45.04025],[34.907802,45.040248],[34.912373,45.039935],[34.913802,45.039468],[34.917052,45.037842],[34.917409,45.03769],[34.917972,45.03745],[34.917946,45.037418],[34.917517,45.036882],[34.917421,45.036645],[34.917655,45.036134],[34.917953,45.035484],[34.917225,45.033548],[34.916592,45.032689],[34.914257,45.031616],[34.913327,45.031929],[34.912733,45.032345],[34.911982,45.033877],[34.911211,45.035452],[34.910997,45.035532],[34.910125,45.035858],[34.910107,45.035865],[34.910089,45.035871],[34.910062,45.035881],[34.910057,45.036091],[34.90972,45.036542],[34.908925,45.036321],[34.908125,45.036613],[34.907057,45.037004],[34.906079,45.036874],[34.902294,45.036374],[34.89958,45.036015],[34.898208,45.035833],[34.896712,45.035635],[34.896682,45.035631],[34.896445,45.035592],[34.8964,45.035576],[34.891543,45.033859],[34.891192,45.031856],[34.890966,45.030569],[34.890964,45.03056],[34.890962,45.030551],[34.890708,45.02942],[34.890632,45.029083],[34.89062,45.02903],[34.890284,45.028256],[34.889905,45.026411],[34.88983,45.024376],[34.889823,45.024381],[34.889661,45.024345],[34.887927,45.026241],[34.887204,45.026474],[34.886145,45.026425],[34.886208,45.025294],[34.886233,45.025275],[34.887905,45.023958],[34.888282,45.023656],[34.889906,45.02237],[34.889181,45.021513],[34.892739,45.01843],[34.892561,45.018141],[34.890491,45.018735],[34.888669,45.019843],[34.887139,45.020773],[34.885472,45.021802],[34.884346,45.022497],[34.884073,45.022309],[34.882556,45.021263],[34.882543,45.021253],[34.882537,45.021239],[34.881998,45.019952],[34.881587,45.018971],[34.880845,45.01818],[34.880587,45.017905],[34.880531,45.017721],[34.880361,45.017158],[34.880219,45.016978],[34.880195,45.016947],[34.879488,45.016607],[34.878864,45.016308],[34.878594,45.016443],[34.878369,45.016554],[34.878356,45.016536],[34.87807,45.01613],[34.87739,45.015164],[34.877307,45.015047],[34.876288,45.013601],[34.875118,45.013828],[34.873599,45.013584],[34.873384,45.013549],[34.872294,45.013374],[34.872377,45.012788],[34.872449,45.012279],[34.872219,45.011622],[34.872123,45.011349],[34.872061,45.011171],[34.871655,45.010677],[34.871376,45.010337],[34.871027,45.009912],[34.871008,45.009913],[34.870947,45.009925],[34.870589,45.010202],[34.87023,45.010287],[34.869997,45.010305],[34.869644,45.010333],[34.869461,45.010348],[34.869436,45.01035],[34.869011,45.010285],[34.869017,45.010272],[34.869351,45.009455],[34.869437,45.009245],[34.869674,45.008667],[34.869983,45.008454],[34.870302,45.008451],[34.872257,45.008038],[34.872293,45.00803],[34.872298,45.008004],[34.872318,45.007884],[34.872275,45.007714],[34.872224,45.007622],[34.872515,45.007508],[34.872739,45.007419],[34.872866,45.00735],[34.872954,45.007266],[34.87304,45.007184],[34.873273,45.006962],[34.873273,45.00696],[34.873401,45.00634],[34.873433,45.006184],[34.873522,45.005753],[34.873564,45.005549],[34.873584,45.005451],[34.875178,45.004813],[34.875738,45.004588],[34.876332,45.004372],[34.876557,45.00429],[34.876832,45.004189],[34.877126,45.004401],[34.877192,45.004449],[34.877986,45.005022],[34.878043,45.005063],[34.878275,45.005231],[34.878773,45.005095],[34.878899,45.00506],[34.878949,45.005038],[34.879503,45.004794],[34.880147,45.005004],[34.880207,45.005068],[34.88025,45.005114],[34.880382,45.005256],[34.880459,45.005157],[34.880478,45.005132],[34.880736,45.004798],[34.881386,45.004918],[34.881481,45.004913],[34.882038,45.004882],[34.882157,45.004876],[34.882373,45.004563],[34.88175,45.003984],[34.881729,45.003986],[34.881668,45.003992],[34.881006,45.004055],[34.880266,45.004014],[34.880626,45.002949],[34.879514,45.002836],[34.878833,45.002667],[34.878364,45.002551],[34.877812,45.001584],[34.877661,45.000819],[34.877768,45.000256],[34.877747,45.000033],[34.877515,44.999923],[34.877474,44.999441],[34.877636,44.999254],[34.877221,44.999148],[34.877719,44.998735],[34.878089,44.998747],[34.878083,44.998486],[34.878074,44.998032],[34.879605,44.997394],[34.880653,44.99708],[34.880676,44.997073],[34.880717,44.997071],[34.881368,44.99704],[34.881374,44.997042],[34.8797,44.963002],[34.878984,44.946871],[34.85357,44.943687],[34.842974,44.938999],[34.840145,44.937299],[34.832286,44.933178],[34.832276,44.933187],[34.832264,44.933181],[34.831999,44.933393],[34.831857,44.933435],[34.831683,44.933487],[34.831551,44.933793],[34.831475,44.934287],[34.831471,44.934318],[34.831433,44.934568],[34.831478,44.934951],[34.831726,44.935093],[34.831875,44.935253],[34.832316,44.935724],[34.832173,44.935887],[34.831843,44.936263],[34.831829,44.936278],[34.831717,44.936406],[34.831144,44.936414],[34.829908,44.936432],[34.829536,44.936791],[34.829469,44.936855],[34.829283,44.936942],[34.828745,44.936998],[34.828288,44.937145],[34.827478,44.93762],[34.826771,44.937816],[34.826693,44.937838],[34.825678,44.938208],[34.825504,44.938333],[34.825141,44.938591],[34.824582,44.938666],[34.824361,44.938839],[34.824425,44.939002],[34.824781,44.939386],[34.824731,44.939669],[34.824179,44.939908],[34.823995,44.939988],[34.823843,44.940457],[34.823748,44.940516],[34.823719,44.940534],[34.823128,44.940897],[34.822986,44.941176],[34.823074,44.941443],[34.823584,44.942063],[34.823676,44.942448],[34.823346,44.943171],[34.823343,44.943724],[34.823706,44.944876],[34.824035,44.945093],[34.824237,44.945228],[34.824458,44.945617],[34.824468,44.945635],[34.824488,44.945753],[34.824394,44.945945],[34.823957,44.946184],[34.823982,44.946309],[34.824275,44.946428],[34.824933,44.946696],[34.82514,44.946889],[34.824919,44.947184],[34.824958,44.947907],[34.82498,44.948323],[34.825073,44.948732],[34.825281,44.949077],[34.824651,44.949295],[34.824022,44.949671],[34.823742,44.950089],[34.82389,44.950795],[34.824471,44.951679],[34.824279,44.952235],[34.823707,44.952834],[34.823249,44.953192],[34.823962,44.953208],[34.824809,44.953108],[34.825441,44.952714],[34.825451,44.952708],[34.825469,44.952708],[34.825778,44.952711],[34.82597,44.952949],[34.825965,44.952998],[34.825926,44.95339],[34.825925,44.9534],[34.825917,44.953409],[34.825762,44.953585],[34.825432,44.953961],[34.825056,44.95426],[34.823986,44.955111],[34.823566,44.955446],[34.823543,44.955464],[34.823609,44.95563],[34.823616,44.955648],[34.823804,44.956142],[34.823867,44.956307],[34.823867,44.956813],[34.823867,44.956831],[34.823874,44.956845],[34.824019,44.957144],[34.824368,44.957439],[34.824374,44.957452],[34.824503,44.957737],[34.824484,44.958178],[34.824221,44.959391],[34.824139,44.960315],[34.824072,44.961066],[34.823908,44.961286],[34.823955,44.961731],[34.824132,44.962069],[34.824187,44.962174],[34.824295,44.962638],[34.824391,44.963052],[34.8244,44.963076],[34.824419,44.963124],[34.824749,44.963999],[34.824844,44.964253],[34.825115,44.964757],[34.825125,44.964775],[34.825379,44.965125],[34.825042,44.965252],[34.8251,44.965351],[34.8251,44.965352],[34.825232,44.965584],[34.825377,44.965804],[34.825511,44.966028],[34.825391,44.966067],[34.825539,44.966307],[34.82554,44.966309],[34.825663,44.96627],[34.825663,44.966271],[34.825664,44.966272],[34.825789,44.96647],[34.82579,44.96647],[34.825793,44.966475],[34.825929,44.96669],[34.825854,44.966714],[34.825811,44.966728],[34.825801,44.966731],[34.825937,44.966955],[34.826084,44.966909],[34.826085,44.966908],[34.826085,44.966909],[34.826085,44.96691],[34.826347,44.967291],[34.826347,44.967292],[34.826354,44.967302],[34.826344,44.967305],[34.826343,44.967306],[34.826189,44.967361],[34.826232,44.967435],[34.826257,44.967435],[34.826406,44.967376],[34.826445,44.967431],[34.826455,44.96743],[34.826488,44.96743],[34.82649,44.96743],[34.826528,44.967429],[34.826692,44.967425],[34.827061,44.967417],[34.827092,44.967416],[34.827124,44.967415],[34.828057,44.967394],[34.828115,44.967393],[34.828396,44.967387],[34.828415,44.967386],[34.828434,44.967386],[34.829748,44.967356],[34.8315,44.96764],[34.83156,44.96765],[34.831561,44.96765],[34.831562,44.96765],[34.831581,44.967653],[34.831604,44.967657],[34.831623,44.967655],[34.831624,44.967655],[34.831624,44.967657],[34.831625,44.96766],[34.831816,44.967691],[34.83186,44.967698],[34.83197,44.967716],[34.832615,44.96782],[34.832681,44.96782],[34.832829,44.967832],[34.832829,44.967833],[34.832841,44.967857],[34.83299,44.967881],[34.833011,44.967885],[34.833585,44.967366],[34.833828,44.96746],[34.833902,44.967502],[34.834283,44.967714],[34.836195,44.968667],[34.837265,44.968333],[34.837275,44.96833],[34.837489,44.968263],[34.837511,44.968256],[34.837513,44.968256],[34.838852,44.967838],[34.841318,44.968827],[34.841877,44.969113],[34.841904,44.969127],[34.842623,44.969493],[34.843421,44.969899],[34.844707,44.970553],[34.846013,44.971148],[34.846772,44.971494],[34.846793,44.971504],[34.846814,44.971513],[34.847437,44.971798],[34.847868,44.971994],[34.847888,44.972003],[34.847909,44.972012],[34.849271,44.972633],[34.851887,44.973826],[34.852188,44.973963],[34.853394,44.974512],[34.853464,44.974555],[34.854193,44.975004],[34.85422,44.975057],[34.854837,44.976265],[34.856399,44.978061],[34.856892,44.978254],[34.856742,44.978468],[34.856722,44.978494],[34.856706,44.978506],[34.855443,44.979419],[34.85518,44.979495],[34.854939,44.979643],[34.853851,44.980308],[34.85358,44.980473],[34.853205,44.980689],[34.852707,44.980976],[34.852419,44.981175],[34.851189,44.982334],[34.851169,44.982352],[34.849807,44.983881],[34.84895,44.984843],[34.847548,44.986417],[34.847062,44.986962],[34.84705,44.986976],[34.847044,44.986997],[34.846378,44.989244],[34.846985,44.990251],[34.847322,44.990811],[34.847661,44.991375],[34.847243,44.991858],[34.847234,44.991868],[34.846652,44.992134],[34.845892,44.993002],[34.845869,44.993029],[34.845798,44.99311],[34.845819,44.993348],[34.845844,44.993346],[34.846689,44.993276],[34.84719,44.993402],[34.847561,44.993262],[34.847913,44.992933],[34.84822,44.99288],[34.848475,44.992905],[34.848697,44.993111],[34.848854,44.993413],[34.849323,44.993386],[34.849874,44.993606],[34.850057,44.993679],[34.850395,44.993926],[34.850758,44.994192],[34.85122,44.994365],[34.851514,44.994412],[34.85185,44.994466],[34.852204,44.994523],[34.852271,44.994533],[34.852296,44.994537],[34.852461,44.994564],[34.852879,44.995033],[34.853468,44.995395],[34.853581,44.995565],[34.853907,44.995702],[34.854243,44.995734],[34.854336,44.995686],[34.854432,44.995705],[34.854433,44.99571],[34.85444,44.995753],[34.854675,44.995775],[34.854734,44.995822]]]}},{"type":"Feature","properties":{"name":"ХАНФИЛД — участок 1","kind":"territory","color":"#D81B60","source_file":"Координаты_Крымское_ЛОХ_и_ХАНФИЛД.xlsx","source_sheet":"ХАНФИЛД 1","source_point_count":1222,"source_pages":[1320,1321,1322,1323,1324,1325,1326,1327,1328,1329,1330],"internal_ring_count":13,"external_ring_count":1,"geometry_repairs":[],"degenerate_internal_points":[[33.963512,45.075442]],"removed_consecutive_duplicates":11,"geometry_note":"Основной контур и внутренние исключения разделены. Вырожденные внутренние контуры из одинаковых координат не имеют площади и не добавлены как полигоны."},"geometry":{"type":"Polygon","coordinates":[[[33.954088,45.049328],[33.951756,45.050454],[33.951939,45.0507],[33.950944,45.051207],[33.950683,45.052088],[33.943161,45.066317],[33.943195,45.066319],[33.948826,45.066548],[33.948923,45.066552],[33.948674,45.067605],[33.948592,45.067956],[33.948844,45.068446],[33.948723,45.068822],[33.949056,45.070012],[33.949188,45.07016],[33.94926,45.070242],[33.949083,45.071059],[33.948792,45.071127],[33.948055,45.071165],[33.945899,45.071342],[33.943999,45.070827],[33.942571,45.070477],[33.941348,45.070343],[33.941143,45.070311],[33.939768,45.073025],[33.939642,45.072956],[33.939567,45.072986],[33.938952,45.072809],[33.936423,45.072034],[33.93613,45.071947],[33.935643,45.07208],[33.935512,45.072016],[33.931425,45.073222],[33.930945,45.073446],[33.93045,45.073758],[33.93001,45.074273],[33.929823,45.074671],[33.928964,45.081015],[33.928672,45.083933],[33.928708,45.084271],[33.928814,45.084526],[33.929448,45.085454],[33.929572,45.085789],[33.929578,45.086132],[33.929229,45.088878],[33.928998,45.090471],[33.928128,45.097656],[33.927109,45.10476],[33.926523,45.109112],[33.926483,45.10969],[33.926343,45.110118],[33.926141,45.110616],[33.92576,45.111006],[33.925413,45.111284],[33.925155,45.111423],[33.925929,45.111412],[33.925875,45.112711],[33.925889,45.113597],[33.931218,45.11366],[33.931373,45.111434],[33.938723,45.111387],[33.938612,45.120883],[33.921954,45.120893],[33.921985,45.121334],[33.922241,45.131791],[33.916233,45.131846],[33.915179,45.131856],[33.914136,45.131855],[33.913808,45.160262],[33.913782,45.160498],[33.913707,45.161198],[33.897511,45.163293],[33.891194,45.164171],[33.883308,45.165266],[33.88302,45.179327],[33.882996,45.180148],[33.882703,45.190264],[33.896838,45.190515],[33.904603,45.190584],[33.92265,45.190608],[33.92874,45.190603],[33.932738,45.190599],[33.933474,45.190595],[33.934599,45.190589],[33.936453,45.190579],[33.936582,45.190579],[33.938331,45.190568],[33.952383,45.190601],[33.955378,45.190608],[33.954177,45.19342],[33.950773,45.201388],[33.949867,45.203506],[33.950053,45.203511],[33.950449,45.203545],[33.963047,45.203479],[33.963048,45.203351],[33.963068,45.200721],[33.968967,45.200828],[33.972142,45.200847],[33.972304,45.20085],[33.973321,45.200863],[33.973517,45.200865],[33.973492,45.199547],[33.998736,45.199162],[34.000508,45.216733],[34.017292,45.216766],[34.020315,45.232638],[34.051333,45.232513],[34.067525,45.232355],[34.067875,45.247703],[34.081076,45.24775],[34.093536,45.247819],[34.098675,45.247836],[34.099297,45.247838],[34.100051,45.24765],[34.093647,45.237192],[34.094301,45.236991],[34.090459,45.230659],[34.090016,45.230796],[34.087889,45.227267],[34.092997,45.22712],[34.102136,45.226823],[34.114881,45.226413],[34.131093,45.226248],[34.147154,45.226084],[34.164982,45.225901],[34.185872,45.225262],[34.189226,45.225174],[34.189305,45.223276],[34.189488,45.217913],[34.189961,45.208046],[34.189949,45.206122],[34.18983,45.19975],[34.189829,45.199664],[34.189782,45.197182],[34.189829,45.190726],[34.189682,45.185888],[34.197266,45.181962],[34.192943,45.176892],[34.194677,45.1716],[34.195841,45.169217],[34.195913,45.169063],[34.195312,45.169124],[34.194924,45.169239],[34.194239,45.169476],[34.193749,45.16962],[34.19333,45.169692],[34.192768,45.16975],[34.191553,45.169894],[34.19096,45.170009],[34.19047,45.170024],[34.189387,45.16993],[34.18812,45.169952],[34.184382,45.170125],[34.181021,45.170261],[34.173952,45.170456],[34.169744,45.170535],[34.169478,45.170477],[34.168865,45.170499],[34.168273,45.170643],[34.168107,45.170764],[34.168174,45.17183],[34.168199,45.172471],[34.168284,45.173988],[34.168266,45.174727],[34.168345,45.175045],[34.16837,45.176253],[34.168382,45.177374],[34.168302,45.177628],[34.168248,45.177864],[34.168296,45.178264],[34.168437,45.180731],[34.168174,45.18101],[34.167862,45.181191],[34.165931,45.181074],[34.165474,45.181027],[34.16056,45.180834],[34.159993,45.180842],[34.159743,45.180898],[34.159194,45.180885],[34.158914,45.180885],[34.158674,45.18083],[34.155813,45.180708],[34.152837,45.180587],[34.149834,45.180446],[34.148915,45.180422],[34.148793,45.180213],[34.148129,45.179479],[34.146178,45.177643],[34.143634,45.175021],[34.141346,45.172508],[34.13918,45.170233],[34.137791,45.168929],[34.136351,45.167503],[34.135544,45.166718],[34.133072,45.164154],[34.132469,45.1637],[34.132224,45.163607],[34.13201,45.163549],[34.131254,45.163513],[34.128363,45.163549],[34.122173,45.163549],[34.12204,45.163297],[34.121835,45.163002],[34.121723,45.162793],[34.121631,45.162555],[34.121437,45.162217],[34.12111,45.161568],[34.121008,45.161424],[34.120834,45.161129],[34.120651,45.16069],[34.120375,45.160344],[34.120252,45.16007],[34.120181,45.159544],[34.12015,45.159451],[34.120058,45.159235],[34.120068,45.158478],[34.120007,45.156793],[34.119935,45.156411],[34.119956,45.156145],[34.119997,45.155871],[34.119987,45.155511],[34.12013,45.155244],[34.120303,45.154776],[34.120283,45.154416],[34.120119,45.1542],[34.119588,45.153811],[34.119128,45.153508],[34.118771,45.153292],[34.117974,45.152024],[34.117688,45.151621],[34.117147,45.150648],[34.116524,45.149668],[34.116381,45.149438],[34.116187,45.148984],[34.116156,45.148645],[34.115982,45.148055],[34.115277,45.146873],[34.114276,45.144834],[34.113951,45.144408],[34.113826,45.144256],[34.113826,45.143715],[34.113854,45.142894],[34.113901,45.142484],[34.11363,45.14227],[34.106957,45.142485],[34.106948,45.14243],[34.105542,45.142458],[34.103457,45.142526],[34.102492,45.142557],[34.1019,45.142778],[34.10176,45.143241],[34.101869,45.144553],[34.101878,45.144658],[34.10006,45.144646],[34.09965,45.144498],[34.098697,45.144129],[34.098277,45.144095],[34.098283,45.145212],[34.098395,45.145359],[34.098376,45.146122],[34.098188,45.14638],[34.096066,45.146476],[34.095649,45.146495],[34.094451,45.14687],[34.094184,45.146896],[34.093606,45.146846],[34.092311,45.146693],[34.091514,45.146654],[34.091409,45.14665],[34.091269,45.146644],[34.09127,45.146653],[34.090946,45.146659],[34.090834,45.146658],[34.09057,45.14666],[34.090375,45.14666],[34.090048,45.146663],[34.089785,45.146667],[34.089567,45.146664],[34.089373,45.14664],[34.089114,45.146612],[34.089036,45.146606],[34.089014,45.146607],[34.088996,45.146604],[34.088989,45.146603],[34.088687,45.14657],[34.088495,45.146537],[34.088336,45.146497],[34.088112,45.14646],[34.087486,45.146273],[34.087401,45.146247],[34.087181,45.146185],[34.087161,45.146175],[34.086944,45.14611],[34.086774,45.146662],[34.086503,45.147514],[34.087209,45.147549],[34.087628,45.147648],[34.087383,45.147966],[34.08616,45.147775],[34.086402,45.14702],[34.086741,45.145942],[34.086652,45.145784],[34.086393,45.145651],[34.085313,45.145062],[34.084331,45.144561],[34.084829,45.144064],[34.086417,45.142478],[34.085383,45.141959],[34.084563,45.141483],[34.084646,45.141406],[34.084379,45.141255],[34.079154,45.138329],[34.075768,45.138174],[34.075002,45.138164],[34.074326,45.138207],[34.073883,45.138355],[34.073098,45.138746],[34.072955,45.13881],[34.072771,45.138897],[34.072872,45.139009],[34.07297,45.139135],[34.072988,45.139279],[34.072918,45.139466],[34.072668,45.139623],[34.07264,45.139668],[34.072628,45.139669],[34.072575,45.139843],[34.072442,45.140243],[34.072332,45.140717],[34.072272,45.141165],[34.07238,45.141969],[34.072474,45.142259],[34.072618,45.142459],[34.072667,45.142654],[34.072615,45.142738],[34.072664,45.142807],[34.072591,45.143164],[34.072215,45.143732],[34.07216,45.143858],[34.071991,45.143839],[34.07145,45.143783],[34.071087,45.143691],[34.070812,45.143629],[34.070439,45.143496],[34.069675,45.143248],[34.069003,45.142895],[34.068729,45.142739],[34.068394,45.142459],[34.068004,45.142108],[34.0673,45.141335],[34.066965,45.140948],[34.066752,45.140914],[34.0539,45.137627],[34.053439,45.137522],[34.052977,45.137311],[34.049243,45.135259],[34.049132,45.135198],[34.047908,45.134866],[34.047903,45.134943],[34.047791,45.13704],[34.047777,45.137307],[34.047754,45.137728],[34.047704,45.138674],[34.047582,45.140956],[34.047906,45.142909],[34.047911,45.14298],[34.046721,45.142989],[34.043436,45.144027],[34.042965,45.143329],[34.042631,45.143057],[34.04157,45.141313],[34.041444,45.141108],[34.040471,45.13953],[34.039497,45.137952],[34.039371,45.137747],[34.036147,45.137704],[34.035964,45.137839],[34.036003,45.138505],[34.035663,45.138684],[34.035381,45.138559],[34.035378,45.138558],[34.035232,45.138493],[34.033831,45.138815],[34.033764,45.138762],[34.032635,45.139373],[34.03255,45.139421],[34.032812,45.139867],[34.031841,45.14013],[34.031049,45.138829],[34.030095,45.137263],[34.02826,45.137755],[34.028054,45.137404],[34.027281,45.137639],[34.026388,45.137873],[34.024852,45.138299],[34.024084,45.138512],[34.023927,45.138541],[34.023613,45.1386],[34.022112,45.138995],[34.020524,45.139429],[34.01798,45.140133],[34.01708,45.140376],[34.01618,45.14062],[34.01449,45.141077],[34.01302,45.141394],[34.011455,45.141834],[34.010467,45.142097],[34.010576,45.142381],[34.010548,45.142601],[34.010841,45.143079],[34.011193,45.143653],[34.011546,45.144227],[34.011898,45.144801],[34.012603,45.14595],[34.01293,45.146484],[34.013228,45.146968],[34.013525,45.147452],[34.013822,45.147936],[34.014119,45.14842],[34.014178,45.148516],[34.014239,45.148615],[34.014369,45.148797],[34.013606,45.149009],[34.009984,45.149895],[33.999975,45.152341],[34.000279,45.16091],[33.998126,45.161441],[33.991223,45.163104],[33.990857,45.163109],[33.990862,45.163227],[33.968053,45.16326],[33.972974,45.153466],[33.973316,45.153045],[33.974176,45.152392],[33.975528,45.151686],[33.990206,45.147776],[33.990529,45.147689],[33.990637,45.147661],[33.993116,45.147004],[33.993099,45.146977],[33.99309,45.146963],[33.993163,45.146944],[33.996061,45.146158],[33.995923,45.145883],[33.995624,45.145198],[33.995288,45.144453],[33.994568,45.142862],[33.994232,45.142118],[33.993794,45.141289],[33.994209,45.141176],[33.994261,45.141162],[33.994004,45.140542],[33.993664,45.139654],[33.992781,45.137027],[33.991895,45.134401],[33.991095,45.132056],[33.990995,45.131664],[33.987177,45.133437],[33.985456,45.133753],[33.983535,45.134106],[33.983391,45.134935],[33.983148,45.135268],[33.982805,45.135457],[33.982399,45.135419],[33.981981,45.135132],[33.981399,45.134437],[33.976252,45.135212],[33.976151,45.134901],[33.976015,45.134479],[33.975877,45.134048],[33.975733,45.133608],[33.975588,45.133158],[33.975438,45.132696],[33.975285,45.132221],[33.975127,45.131733],[33.974965,45.13123],[33.974798,45.130714],[33.974626,45.130181],[33.974463,45.129619],[33.974265,45.129067],[33.974078,45.128486],[33.973508,45.126722],[33.97342,45.126447],[33.973307,45.126446],[33.972928,45.126445],[33.972161,45.126442],[33.971932,45.126441],[33.971925,45.126141],[33.971829,45.122658],[33.971827,45.121952],[33.962776,45.122121],[33.962765,45.119982],[33.962787,45.115924],[33.96084,45.115225],[33.960661,45.11438],[33.960292,45.113448],[33.960169,45.112951],[33.959912,45.11183],[33.959665,45.110448],[33.960997,45.110329],[33.960919,45.107076],[33.960907,45.106022],[33.960879,45.104889],[33.960728,45.104632],[33.960717,45.104261],[33.960633,45.10218],[33.960549,45.101671],[33.960259,45.100831],[33.96024,45.100614],[33.960335,45.1003],[33.960543,45.099446],[33.96064,45.098923],[33.960583,45.09788],[33.961615,45.09786],[33.964063,45.097869],[33.965635,45.097854],[33.965722,45.097852],[33.967034,45.097817],[33.96705,45.097475],[33.966839,45.09735],[33.966512,45.097154],[33.965885,45.096977],[33.965844,45.096954],[33.965864,45.096783],[33.965867,45.096107],[33.965856,45.095343],[33.965842,45.094479],[33.965839,45.093603],[33.965822,45.092669],[33.965825,45.092094],[33.965783,45.091848],[33.965806,45.091714],[33.965878,45.091665],[33.965969,45.091593],[33.965969,45.09153],[33.965579,45.091533],[33.965572,45.091533],[33.965528,45.091534],[33.964896,45.09154],[33.963706,45.091567],[33.963706,45.091552],[33.962718,45.091563],[33.962665,45.091563],[33.942196,45.091857],[33.942195,45.091803],[33.951103,45.09169],[33.956409,45.0916],[33.962663,45.091509],[33.962709,45.091508],[33.963707,45.091486],[33.963717,45.09052],[33.963751,45.088996],[33.963773,45.086546],[33.963789,45.085292],[33.963801,45.083677],[33.963828,45.081796],[33.965344,45.081792],[33.965094,45.08098],[33.964694,45.079593],[33.964195,45.078417],[33.963678,45.077041],[33.963617,45.076782],[33.963462,45.076038],[33.963379,45.075724],[33.963387,45.075636],[33.963431,45.075542],[33.963512,45.075442],[33.965807,45.075529],[33.96755,45.075573],[33.9676,45.074217],[33.967756,45.0721],[33.967861,45.070539],[33.967989,45.068693],[33.967967,45.068356],[33.96684,45.068379],[33.962399,45.068262],[33.958469,45.068144],[33.960145,45.065039],[33.9602,45.064968],[33.960292,45.06489],[33.960362,45.064815],[33.961404,45.062822],[33.961585,45.0625],[33.961617,45.062424],[33.961637,45.062366],[33.961783,45.062196],[33.961966,45.061953],[33.961986,45.061891],[33.962005,45.061839],[33.962013,45.061802],[33.962444,45.060973],[33.962538,45.06079],[33.967201,45.051809],[33.967209,45.05177],[33.967208,45.05169],[33.967209,45.051194],[33.967212,45.050172],[33.967224,45.046329],[33.967195,45.045408],[33.967251,45.043945],[33.967367,45.04295],[33.966872,45.043033],[33.966416,45.043141],[33.965993,45.043281],[33.965767,45.043362],[33.965559,45.043441],[33.965182,45.043616],[33.964925,45.043741],[33.96467,45.043849],[33.963899,45.04428],[33.963726,45.044377],[33.963601,45.044444],[33.962651,45.044963],[33.962498,45.044844],[33.962343,45.044778],[33.958894,45.046867],[33.958706,45.046962],[33.956778,45.047979],[33.956902,45.048109],[33.957418,45.048583],[33.956696,45.049045],[33.95808,45.050006],[33.957047,45.050626],[33.956848,45.050758],[33.95672,45.050782],[33.955235,45.049606],[33.955051,45.049538],[33.954964,45.049558],[33.954591,45.049611],[33.954358,45.049503],[33.95423,45.049436],[33.954088,45.049328]],[[34.014189,45.158121],[34.015665,45.160214],[34.016685,45.16174],[34.01842,45.16437],[34.019081,45.165394],[34.015056,45.164569],[34.013374,45.166482],[34.013149,45.166552],[34.012838,45.166889],[34.012658,45.16568],[34.012353,45.163878],[34.012384,45.163347],[34.012987,45.163081],[34.013312,45.16309],[34.013453,45.162321],[34.013341,45.162068],[34.01335,45.161767],[34.01251,45.160064],[34.011826,45.158584],[34.014189,45.158121]],[[33.912746,45.175331],[33.912761,45.176143],[33.912774,45.176141],[33.912785,45.176279],[33.912763,45.176283],[33.912769,45.176578],[33.912842,45.177287],[33.912844,45.177324],[33.912855,45.177323],[33.912867,45.177516],[33.912856,45.177517],[33.912885,45.177995],[33.912878,45.178982],[33.912845,45.179225],[33.910566,45.179208],[33.910511,45.179208],[33.910381,45.179208],[33.910379,45.179216],[33.910033,45.17921],[33.910033,45.179209],[33.908652,45.179213],[33.908454,45.179213],[33.90645,45.179204],[33.905193,45.179199],[33.903738,45.179108],[33.903523,45.178978],[33.903477,45.178917],[33.902888,45.178397],[33.901148,45.176866],[33.9,45.175843],[33.898957,45.174944],[33.898689,45.174716],[33.898622,45.174624],[33.898751,45.174521],[33.898917,45.1745],[33.899122,45.174505],[33.89935,45.174525],[33.899473,45.174482],[33.899551,45.174409],[33.899567,45.17363],[33.899602,45.173616],[33.902208,45.173241],[33.912619,45.171645],[33.912632,45.173168],[33.912667,45.174054],[33.912707,45.174618],[33.912712,45.174819],[33.912746,45.175331]],[[34.084107,45.174917],[34.084337,45.174917],[34.085307,45.174659],[34.085371,45.174677],[34.085794,45.175631],[34.086143,45.176699],[34.085984,45.176705],[34.086195,45.177934],[34.085646,45.178175],[34.085627,45.178845],[34.085949,45.178987],[34.086235,45.17933],[34.08631,45.179544],[34.086703,45.179486],[34.086767,45.179744],[34.086773,45.179777],[34.086785,45.179777],[34.08685,45.180247],[34.086671,45.180256],[34.086468,45.180467],[34.08645,45.180907],[34.086704,45.181256],[34.087783,45.18114],[34.088187,45.181007],[34.08824,45.180935],[34.088364,45.18088],[34.088901,45.180822],[34.090023,45.180701],[34.090468,45.180875],[34.091072,45.180838],[34.091294,45.181551],[34.09121,45.181606],[34.090629,45.181652],[34.088959,45.181794],[34.088227,45.181847],[34.08772,45.181633],[34.087022,45.181787],[34.084861,45.182215],[34.084453,45.181304],[34.083799,45.179833],[34.083415,45.178554],[34.083126,45.177782],[34.083365,45.177756],[34.084058,45.177827],[34.082865,45.175435],[34.082855,45.175182],[34.083563,45.175084],[34.084107,45.174917]],[[33.994905,45.183535],[33.99448,45.183614],[33.994107,45.183676],[33.994037,45.183421],[33.993921,45.183441],[33.99391,45.183405],[33.992213,45.183413],[33.99204,45.182535],[33.991588,45.181253],[33.991469,45.181001],[33.991351,45.18058],[33.992809,45.180305],[33.992326,45.17922],[33.991496,45.177142],[33.991445,45.177017],[33.990452,45.174799],[33.990609,45.174536],[33.99328,45.171317],[33.993394,45.171219],[33.993629,45.171124],[33.993657,45.171088],[33.993703,45.171094],[33.993709,45.171092],[33.994216,45.17097],[33.998541,45.169908],[33.998985,45.170826],[34.001743,45.170125],[34.002118,45.170863],[34.003499,45.170913],[34.003503,45.171127],[34.003632,45.178512],[34.003692,45.179394],[34.002641,45.179403],[34.001994,45.179553],[34.002568,45.181701],[34.00031,45.182243],[34.00031,45.182406],[33.999322,45.18263],[33.999139,45.18281],[33.998571,45.182812],[33.998544,45.182803],[33.998403,45.182598],[33.9979,45.182447],[33.99549,45.183397],[33.994905,45.183535]],[[34.143192,45.205483],[34.14383,45.205425],[34.143851,45.205486],[34.144598,45.205349],[34.144597,45.205342],[34.144722,45.205327],[34.146002,45.205092],[34.147316,45.204724],[34.147191,45.204273],[34.147119,45.203602],[34.147885,45.203597],[34.147913,45.203401],[34.148262,45.203401],[34.14941,45.203401],[34.149386,45.203375],[34.149511,45.203373],[34.149498,45.203401],[34.149664,45.203401],[34.149735,45.203401],[34.15305,45.203394],[34.153052,45.203094],[34.156732,45.203083],[34.156759,45.204018],[34.15681,45.205127],[34.155867,45.205402],[34.155799,45.205586],[34.154964,45.205643],[34.154721,45.205424],[34.154714,45.205424],[34.154511,45.205237],[34.153991,45.204778],[34.153994,45.20455],[34.15397,45.204345],[34.153917,45.204237],[34.153773,45.204131],[34.15376,45.204102],[34.153549,45.20395],[34.152219,45.203956],[34.150942,45.203941],[34.151135,45.20472],[34.151183,45.20486],[34.15117,45.204862],[34.151175,45.204881],[34.151571,45.206677],[34.151913,45.208096],[34.151872,45.2094],[34.151826,45.21041],[34.151398,45.210371],[34.151443,45.210016],[34.150824,45.210035],[34.150817,45.20993],[34.15065,45.209931],[34.150487,45.209933],[34.150461,45.210722],[34.149501,45.210685],[34.148788,45.210833],[34.148025,45.210681],[34.148001,45.210341],[34.147965,45.210344],[34.147557,45.210374],[34.146977,45.210455],[34.146971,45.210417],[34.14635,45.210463],[34.146307,45.210466],[34.146549,45.211895],[34.145803,45.211885],[34.1453,45.210425],[34.14423,45.210524],[34.143823,45.209548],[34.143302,45.208324],[34.143172,45.208351],[34.143041,45.20803],[34.143166,45.208004],[34.14267,45.206859],[34.142263,45.20695],[34.142186,45.206775],[34.142585,45.206688],[34.142406,45.206325],[34.14202,45.206379],[34.141814,45.20583],[34.143017,45.205639],[34.143234,45.205599],[34.143192,45.205483]],[[34.087592,45.186998],[34.087882,45.186993],[34.087812,45.186779],[34.087788,45.186682],[34.087786,45.186682],[34.087509,45.18573],[34.087553,45.18572],[34.087513,45.185557],[34.087805,45.185496],[34.087978,45.185389],[34.088018,45.185351],[34.088014,45.185346],[34.088058,45.185312],[34.088227,45.185149],[34.088332,45.185028],[34.088389,45.184926],[34.088395,45.184926],[34.088512,45.184733],[34.088993,45.184545],[34.0895,45.18442],[34.091517,45.184386],[34.091547,45.184818],[34.09114,45.185445],[34.091274,45.185823],[34.092051,45.185703],[34.095301,45.185255],[34.095304,45.185255],[34.095718,45.185198],[34.09595,45.185468],[34.09755,45.185296],[34.097631,45.185706],[34.097675,45.185701],[34.097725,45.185978],[34.097764,45.185974],[34.097822,45.186265],[34.097743,45.186271],[34.097746,45.186285],[34.097971,45.187424],[34.09861,45.190238],[34.09904,45.192155],[34.099342,45.193936],[34.100444,45.1938],[34.101447,45.193687],[34.101539,45.192961],[34.102359,45.191399],[34.102926,45.190365],[34.103241,45.189698],[34.103211,45.189698],[34.103289,45.189118],[34.103309,45.188854],[34.105387,45.188949],[34.105393,45.189747],[34.108006,45.189866],[34.109504,45.190137],[34.109486,45.191318],[34.109441,45.192634],[34.108044,45.192623],[34.107823,45.19381],[34.107568,45.195264],[34.107465,45.195987],[34.107362,45.196168],[34.106625,45.196434],[34.105969,45.196664],[34.105777,45.196895],[34.105297,45.196903],[34.105303,45.196968],[34.105368,45.197568],[34.105553,45.197581],[34.105681,45.1976],[34.105681,45.19761],[34.105785,45.197622],[34.105795,45.198085],[34.105851,45.198212],[34.106397,45.19846],[34.106761,45.198535],[34.107031,45.198709],[34.107028,45.199358],[34.106869,45.199906],[34.10604,45.200067],[34.10579,45.200235],[34.105484,45.200456],[34.104983,45.200461],[34.104797,45.200647],[34.104774,45.200787],[34.104942,45.20107],[34.104992,45.201314],[34.10483,45.201638],[34.10389,45.201598],[34.102272,45.201562],[34.102167,45.202007],[34.101861,45.203229],[34.10182,45.203465],[34.10186,45.20399],[34.101955,45.205089],[34.101942,45.205316],[34.101799,45.205688],[34.101368,45.206653],[34.101257,45.207553],[34.101115,45.208208],[34.100987,45.209672],[34.100971,45.210424],[34.101043,45.210896],[34.101261,45.211298],[34.101142,45.211462],[34.101216,45.212052],[34.100454,45.212214],[34.09943,45.21242],[34.099406,45.213141],[34.099194,45.213377],[34.099191,45.213492],[34.098692,45.213478],[34.099323,45.214889],[34.10024,45.21686],[34.10033,45.217268],[34.097416,45.217296],[34.095867,45.217331],[34.094741,45.215658],[34.093416,45.21366],[34.092984,45.212984],[34.092897,45.213009],[34.092854,45.212944],[34.092687,45.212999],[34.092301,45.212416],[34.092342,45.212403],[34.092337,45.212395],[34.092541,45.212327],[34.091133,45.210146],[34.090237,45.210466],[34.089773,45.210454],[34.089415,45.210478],[34.088581,45.210675],[34.088077,45.210852],[34.085954,45.211533],[34.084535,45.211984],[34.084462,45.211852],[34.084373,45.211881],[34.084304,45.211767],[34.08435,45.211752],[34.084398,45.211832],[34.084443,45.211818],[34.084307,45.211572],[34.08391,45.210998],[34.08479,45.210712],[34.08567,45.210426],[34.085881,45.210357],[34.086565,45.210173],[34.087328,45.20997],[34.088573,45.209606],[34.088182,45.209172],[34.088059,45.208962],[34.087668,45.208197],[34.088013,45.20746],[34.088598,45.207282],[34.088586,45.207264],[34.088899,45.207165],[34.088913,45.207187],[34.08916,45.207112],[34.087337,45.204331],[34.085363,45.201365],[34.083575,45.198609],[34.082036,45.196254],[34.081307,45.19514],[34.081264,45.195153],[34.080209,45.193545],[34.080256,45.193534],[34.082442,45.192975],[34.081611,45.191452],[34.081291,45.190831],[34.080354,45.189045],[34.084836,45.187776],[34.087592,45.186998]],[[34.017076,45.199349],[34.017867,45.199448],[34.018045,45.199601],[34.018082,45.200797],[34.018176,45.201664],[34.01828,45.201939],[34.018473,45.202103],[34.018852,45.202203],[34.019423,45.202227],[34.020885,45.202166],[34.021425,45.202172],[34.021755,45.202271],[34.022772,45.202803],[34.023034,45.203063],[34.023311,45.203117],[34.023696,45.203261],[34.023715,45.203407],[34.022594,45.203483],[34.021923,45.203614],[34.021931,45.203713],[34.022037,45.203676],[34.022054,45.2037],[34.021933,45.203742],[34.021935,45.203771],[34.019918,45.204338],[34.020101,45.205134],[34.01995,45.20516],[34.01931,45.205348],[34.019279,45.205349],[34.019123,45.20535],[34.019119,45.205351],[34.015617,45.205387],[34.01561,45.203694],[34.015728,45.199305],[34.015792,45.199261],[34.017076,45.199349]],[[34.041455,45.191057],[34.04249,45.190947],[34.044207,45.193353],[34.045871,45.195691],[34.049333,45.195101],[34.055316,45.194067],[34.055851,45.193968],[34.055884,45.194203],[34.057435,45.194093],[34.058082,45.197005],[34.058685,45.200895],[34.058901,45.202221],[34.059486,45.205904],[34.054456,45.207732],[34.05394,45.207925],[34.054213,45.207877],[34.05367,45.208353],[34.053633,45.20804],[34.053084,45.208246],[34.053024,45.208407],[34.051451,45.208438],[34.051448,45.208327],[34.051404,45.207726],[34.051324,45.20773],[34.050161,45.207787],[34.049591,45.20782],[34.049548,45.207823],[34.049504,45.207823],[34.049422,45.207823],[34.04939,45.207825],[34.049357,45.207826],[34.049357,45.207823],[34.047514,45.207825],[34.046936,45.207825],[34.046928,45.207552],[34.045363,45.207572],[34.045121,45.206329],[34.044946,45.205451],[34.044916,45.205301],[34.044637,45.204024],[34.043856,45.203923],[34.043122,45.201842],[34.044315,45.201761],[34.04428,45.201599],[34.046028,45.201541],[34.045595,45.199229],[34.045465,45.19877],[34.043986,45.196897],[34.043603,45.195585],[34.045229,45.195102],[34.044671,45.194325],[34.043529,45.194557],[34.041933,45.194845],[34.039885,45.195971],[34.039481,45.19205],[34.039713,45.191701],[34.04067,45.191294],[34.041455,45.191057]],[[34.070323,45.199773],[34.071052,45.200943],[34.072742,45.203729],[34.073439,45.204916],[34.072751,45.205092],[34.072763,45.205215],[34.072243,45.205382],[34.071352,45.204036],[34.069905,45.201644],[34.070033,45.201607],[34.069452,45.200544],[34.069749,45.20043],[34.069443,45.200019],[34.070323,45.199773]],[[34.078742,45.21514],[34.079646,45.216576],[34.081095,45.218928],[34.082352,45.221038],[34.076423,45.222938],[34.076479,45.223481],[34.075635,45.223834],[34.075833,45.22525],[34.073005,45.22531],[34.073004,45.225304],[34.072902,45.225306],[34.072874,45.225172],[34.072833,45.22497],[34.072801,45.224745],[34.072721,45.224227],[34.07283,45.22421],[34.072725,45.223549],[34.072528,45.222305],[34.0699,45.222564],[34.069408,45.220083],[34.075117,45.218666],[34.074018,45.216553],[34.078742,45.21514]],[[33.959336,45.064694],[33.958372,45.064789],[33.958132,45.064683],[33.957411,45.064368],[33.95734,45.063507],[33.958414,45.06257],[33.960752,45.062657],[33.960544,45.063753],[33.959696,45.064554],[33.959336,45.064694]],[[33.991173,45.163392],[33.992512,45.163413],[33.992738,45.163853],[33.99289,45.164342],[33.992919,45.164526],[33.993244,45.166152],[33.991353,45.166204],[33.991286,45.165757],[33.991228,45.164559],[33.991224,45.164471],[33.991194,45.163843],[33.991191,45.163774],[33.991173,45.163392]],[[34.052595,45.141224],[34.052535,45.142366],[34.048751,45.141897],[34.048696,45.141602],[34.048806,45.14004],[34.051881,45.140623],[34.05262,45.140763],[34.052595,45.141224]]]}},{"type":"Feature","properties":{"name":"ХАНФИЛД — участок 2","kind":"territory","color":"#8D4E25","source_file":"Координаты_Крымское_ЛОХ_и_ХАНФИЛД.xlsx","source_sheet":"ХАНФИЛД 2","source_point_count":359,"source_pages":[1332,1333,1334,1335],"internal_ring_count":0,"external_ring_count":1,"geometry_repairs":[],"degenerate_internal_points":[],"removed_consecutive_duplicates":5,"geometry_note":"Основной контур и внутренние исключения разделены. Вырожденные внутренние контуры из одинаковых координат не имеют площади и не добавлены как полигоны."},"geometry":{"type":"Polygon","coordinates":[[[34.02402,45.09621],[34.024641,45.096179],[34.022531,45.066047],[34.022133,45.060166],[34.022124,45.058475],[34.022161,45.057878],[34.02225,45.057234],[34.022429,45.056181],[34.022577,45.055588],[34.02273,45.055025],[34.022832,45.054763],[34.026619,45.04628],[34.026615,45.046278],[34.026463,45.046237],[34.02639,45.046217],[34.026412,45.046171],[34.025467,45.045951],[34.026206,45.044413],[34.026601,45.04379],[34.026847,45.0433],[34.02705,45.043029],[34.027371,45.043084],[34.027697,45.042141],[34.027992,45.041437],[34.028211,45.041136],[34.028714,45.040069],[34.028989,45.039515],[34.029086,45.039153],[34.029234,45.038807],[34.029476,45.038466],[34.029499,45.038393],[34.02938,45.038344],[34.02911,45.038212],[34.028355,45.037842],[34.027431,45.037243],[34.026248,45.036193],[34.025582,45.035288],[34.025176,45.034629],[34.02472,45.03364],[34.024485,45.032415],[34.024422,45.031612],[34.023857,45.032021],[34.023553,45.031916],[34.024301,45.030486],[34.024179,45.029786],[34.023703,45.028814],[34.023241,45.028241],[34.022949,45.027972],[34.022654,45.027889],[34.022136,45.027505],[34.02199,45.027227],[34.02151,45.02699],[34.021363,45.026917],[34.020848,45.026662],[34.019864,45.027667],[34.020757,45.028161],[34.02183,45.02868],[34.022903,45.029199],[34.021993,45.030213],[34.019822,45.029279],[34.018538,45.030699],[34.018184,45.031084],[34.018085,45.031184],[34.01733,45.031976],[34.017322,45.031984],[34.01725,45.032059],[34.016598,45.032744],[34.015946,45.033429],[34.015828,45.033558],[34.015396,45.034026],[34.015254,45.034177],[34.012888,45.036597],[34.013047,45.03668],[34.014936,45.037671],[34.014896,45.03765],[34.014899,45.037647],[34.014928,45.037613],[34.015072,45.037412],[34.015306,45.037089],[34.015966,45.036337],[34.016159,45.036114],[34.016493,45.035734],[34.01689,45.035286],[34.016971,45.035201],[34.017556,45.034606],[34.01793,45.034226],[34.018284,45.033873],[34.018302,45.033858],[34.018413,45.033899],[34.019703,45.034389],[34.021622,45.035156],[34.022118,45.035343],[34.022701,45.035561],[34.023199,45.035745],[34.023496,45.035856],[34.023823,45.035989],[34.024558,45.036283],[34.02458,45.036317],[34.024297,45.036856],[34.024227,45.036992],[34.024223,45.03703],[34.024209,45.037064],[34.024183,45.037095],[34.024029,45.037362],[34.023716,45.038009],[34.02345,45.038562],[34.023294,45.038895],[34.023195,45.039101],[34.023016,45.039475],[34.022861,45.03978],[34.022725,45.04005],[34.022703,45.040083],[34.022242,45.040883],[34.022112,45.041114],[34.021977,45.041286],[34.021773,45.041537],[34.021692,45.041633],[34.016612,45.039742],[34.016564,45.03973],[34.014098,45.038827],[34.014071,45.038863],[34.014051,45.038855],[34.012948,45.038451],[34.012096,45.038138],[34.01202,45.038245],[34.011318,45.039924],[34.010615,45.041603],[34.009645,45.044906],[34.008973,45.045455],[34.008786,45.046493],[34.009075,45.046489],[34.009789,45.046973],[34.009888,45.047637],[34.00982,45.04822],[34.009528,45.050712],[34.009395,45.052116],[34.010029,45.052172],[34.00986,45.053184],[34.009775,45.05369],[34.009765,45.053758],[34.009755,45.053826],[34.010033,45.053868],[34.010012,45.054016],[34.009991,45.054154],[34.008934,45.054075],[34.008938,45.053828],[34.008941,45.053705],[34.006678,45.053366],[34.006569,45.054666],[34.006055,45.055756],[34.005511,45.06481],[34.002049,45.064669],[33.998539,45.06466],[33.995008,45.065361],[33.994626,45.065528],[33.994902,45.065809],[33.995421,45.06613],[33.99557,45.066904],[33.994975,45.067298],[33.99446,45.068603],[33.994378,45.069318],[33.994368,45.069317],[33.99422,45.069305],[33.99421,45.069304],[33.994116,45.0693],[33.994077,45.069563],[33.993907,45.069814],[33.9939,45.069989],[33.993937,45.070105],[33.993972,45.070251],[33.993958,45.070449],[33.99391,45.07054],[33.993843,45.070616],[33.993833,45.070689],[33.993779,45.070815],[33.993811,45.071004],[33.99398,45.071486],[33.994954,45.071557],[33.995641,45.071639],[33.99768,45.071863],[33.997689,45.071609],[33.997986,45.071507],[33.999991,45.071514],[34.00195,45.07152],[34.001943,45.071638],[34.001956,45.073322],[34.001967,45.074106],[34.001964,45.074215],[34.008662,45.074238],[34.015054,45.074242],[34.014988,45.075676],[34.015069,45.078057],[34.015071,45.078097],[34.015093,45.080868],[34.011146,45.080868],[34.011146,45.079922],[34.010404,45.079338],[34.009794,45.079326],[34.007635,45.079328],[34.005476,45.07933],[34.005259,45.079233],[34.002583,45.079253],[34.000051,45.079277],[34.000152,45.08017],[34.000176,45.080248],[33.999568,45.080314],[33.998915,45.080385],[33.996652,45.080818],[33.996655,45.081132],[33.996678,45.081258],[33.996436,45.081377],[33.996355,45.081416],[33.996131,45.081498],[33.995674,45.081664],[33.995528,45.081827],[33.995508,45.081886],[33.995591,45.081964],[33.995809,45.082134],[33.996068,45.08235],[33.996117,45.082644],[33.996239,45.082824],[33.99629,45.083037],[33.996308,45.083112],[33.996576,45.083201],[33.99671,45.083246],[33.996847,45.08331],[33.997121,45.083436],[33.997242,45.08352],[33.997303,45.083563],[33.997332,45.083606],[33.997389,45.083692],[33.99746,45.083955],[33.997699,45.084007],[33.998273,45.084189],[33.99849,45.084255],[33.998581,45.084547],[33.998661,45.084705],[33.998918,45.08488],[33.999234,45.084999],[33.999534,45.085166],[33.999598,45.085218],[33.999668,45.085274],[33.999879,45.085397],[34.000076,45.085458],[34.000549,45.085496],[34.000582,45.085523],[34.000662,45.08559],[34.000829,45.085836],[34.001824,45.086409],[34.002104,45.086569],[34.00222,45.086823],[34.002119,45.087022],[34.002131,45.087243],[34.002226,45.08744],[34.002427,45.087859],[34.002462,45.087887],[34.002886,45.088224],[34.003882,45.088993],[34.003948,45.089043],[34.00528,45.089865],[34.006275,45.090469],[34.006472,45.090401],[34.007347,45.090833],[34.007526,45.090995],[34.007667,45.091154],[34.007738,45.091625],[34.007895,45.091959],[34.007926,45.092269],[34.00806,45.092462],[34.008294,45.092571],[34.00844,45.092731],[34.008454,45.092836],[34.008466,45.092928],[34.008468,45.093016],[34.008359,45.093219],[34.007854,45.09331],[34.00739,45.09364],[34.007288,45.093705],[34.006894,45.09387],[34.006566,45.09417],[34.006796,45.094095],[34.006923,45.094297],[34.00649,45.094427],[34.00647,45.094502],[34.006465,45.094549],[34.00646,45.094587],[34.006549,45.094649],[34.006763,45.094663],[34.006914,45.094663],[34.006952,45.094651],[34.006895,45.094517],[34.007384,45.094442],[34.007414,45.094513],[34.007687,45.094464],[34.008394,45.094492],[34.00882,45.094602],[34.008962,45.094639],[34.009307,45.09472],[34.009435,45.094867],[34.009387,45.095082],[34.008986,45.095462],[34.00905,45.095819],[34.009164,45.096092],[34.009321,45.096247],[34.009588,45.096259],[34.009877,45.096272],[34.009931,45.096303],[34.010046,45.09637],[34.010342,45.096709],[34.010391,45.097103],[34.010278,45.09744],[34.010198,45.097524],[34.009888,45.097846],[34.00952,45.098317],[34.008833,45.098688],[34.008393,45.098752],[34.008075,45.098788],[34.007777,45.098821],[34.007518,45.098853],[34.007578,45.098964],[34.007708,45.099207],[34.007752,45.099288],[34.007991,45.099684],[34.00794,45.099888],[34.00806,45.100159],[34.008468,45.10018],[34.008917,45.100253],[34.009174,45.100219],[34.009237,45.100187],[34.009332,45.100138],[34.009417,45.100035],[34.009529,45.099966],[34.00964,45.099905],[34.009729,45.099894],[34.00979,45.0999],[34.00989,45.099938],[34.010042,45.099985],[34.010173,45.099992],[34.010277,45.099985],[34.010357,45.099949],[34.010423,45.099917],[34.01056,45.099803],[34.010598,45.099691],[34.01065,45.099603],[34.010684,45.099298],[34.010936,45.099048],[34.011593,45.098823],[34.018712,45.097393],[34.019715,45.097088],[34.019714,45.097088],[34.019985,45.097006],[34.021079,45.09679],[34.023796,45.096254],[34.02402,45.09621]]]}},{"type":"Feature","properties":{"name":"ХАНФИЛД — участок 3","kind":"territory","color":"#3949AB","source_file":"Координаты_Крымское_ЛОХ_и_ХАНФИЛД.xlsx","source_sheet":"ХАНФИЛД 3","source_point_count":2593,"source_pages":[1337,1338,1339,1340,1341,1342,1343,1344,1345,1346,1347,1348,1349,1350,1351,1352,1353,1354,1355,1356,1357,1358,1359],"internal_ring_count":29,"external_ring_count":2,"geometry_repairs":[{"ring":0,"kind":"zero_area_backtrack","point":[34.025247,44.916223]}],"degenerate_internal_points":[[33.872156,44.99725]],"removed_consecutive_duplicates":17,"geometry_note":"Основной контур и внутренние исключения разделены. Вырожденные внутренние контуры из одинаковых координат не имеют площади и не добавлены как полигоны."},"geometry":{"type":"MultiPolygon","coordinates":[[[[33.942559,44.960161],[33.942566,44.960161],[33.942571,44.960133],[33.945787,44.959824],[33.946512,44.95973],[33.947237,44.959635],[33.947739,44.959527],[33.948742,44.959312],[33.950131,44.959043],[33.951292,44.958822],[33.952314,44.958823],[33.952391,44.958822],[33.952404,44.958818],[33.953092,44.95861],[33.953349,44.95849],[33.953419,44.958413],[33.953488,44.958336],[33.953504,44.95821],[33.953274,44.957592],[33.953198,44.957383],[33.953108,44.957135],[33.95292,44.956885],[33.95257,44.956778],[33.952476,44.95674],[33.952162,44.956612],[33.951392,44.955995],[33.950989,44.955651],[33.950858,44.95545],[33.950836,44.955428],[33.950843,44.955427],[33.950589,44.955039],[33.950099,44.95451],[33.950007,44.95408],[33.950099,44.953938],[33.950437,44.953756],[33.950578,44.953703],[33.950718,44.95365],[33.95123,44.953485],[33.952285,44.953229],[33.952746,44.953055],[33.952933,44.952916],[33.953111,44.952637],[33.95322,44.952288],[33.95323,44.951905],[33.953233,44.951778],[33.953163,44.951575],[33.953024,44.951169],[33.953134,44.950914],[33.953255,44.950951],[33.954323,44.951277],[33.954624,44.950102],[33.954917,44.950023],[33.955919,44.946847],[33.95597,44.946531],[33.955962,44.946071],[33.955948,44.945153],[33.955956,44.944547],[33.955838,44.942922],[33.955651,44.941498],[33.955593,44.941145],[33.955613,44.940966],[33.955741,44.940763],[33.956782,44.939979],[33.957852,44.939191],[33.958906,44.938476],[33.959307,44.938172],[33.959502,44.93798],[33.959596,44.937758],[33.95961,44.937386],[33.959497,44.935303],[33.959419,44.93426],[33.959394,44.933222],[33.959391,44.932856],[33.959382,44.932856],[33.95846,44.932852],[33.956949,44.932857],[33.956356,44.932864],[33.956066,44.932868],[33.956048,44.932868],[33.955776,44.932874],[33.955485,44.932881],[33.955193,44.932888],[33.955176,44.932888],[33.954901,44.932889],[33.954615,44.932891],[33.954333,44.932892],[33.954055,44.932894],[33.951967,44.932905],[33.951959,44.932905],[33.951721,44.932906],[33.951477,44.932907],[33.951237,44.932908],[33.950999,44.93291],[33.950764,44.932911],[33.950532,44.932912],[33.950302,44.932913],[33.950075,44.932914],[33.949534,44.932916],[33.948322,44.932929],[33.946867,44.932937],[33.946602,44.931833],[33.945724,44.928073],[33.945153,44.925527],[33.945296,44.925506],[33.950519,44.924852],[33.952373,44.924625],[33.952942,44.924567],[33.95376,44.924498],[33.954367,44.924454],[33.955109,44.92444],[33.956085,44.924456],[33.956714,44.924458],[33.956899,44.924464],[33.957389,44.924482],[33.958138,44.924514],[33.959429,44.924558],[33.959429,44.924554],[33.960483,44.924594],[33.961125,44.924622],[33.96176,44.92466],[33.962224,44.924697],[33.962689,44.924761],[33.964223,44.92498],[33.968544,44.925538],[33.969086,44.925614],[33.96963,44.925676],[33.970013,44.92573],[33.971232,44.925896],[33.97469,44.926381],[33.979832,44.927103],[33.98423,44.927721],[33.98556,44.927908],[33.991357,44.928722],[33.996081,44.929387],[34.002454,44.930254],[34.005551,44.930688],[34.007545,44.93094],[34.00948,44.931212],[34.009844,44.931257],[34.010267,44.931319],[34.01043,44.931342],[34.010852,44.931404],[34.011775,44.931519],[34.016771,44.932218],[34.017298,44.932289],[34.018426,44.932441],[34.019055,44.932533],[34.019699,44.932656],[34.019968,44.932717],[34.020258,44.932786],[34.020557,44.932865],[34.020904,44.932957],[34.021534,44.933147],[34.021653,44.933187],[34.021612,44.933144],[34.021718,44.932943],[34.021756,44.93287],[34.021706,44.932868],[34.020438,44.932449],[34.01884,44.932187],[34.019412,44.927715],[34.019447,44.927715],[34.019509,44.927216],[34.019518,44.927208],[34.019603,44.926524],[34.020226,44.921498],[34.020244,44.921462],[34.020268,44.921413],[34.020614,44.921425],[34.02069,44.921427],[34.021385,44.921451],[34.025983,44.922852],[34.026172,44.922701],[34.026639,44.922397],[34.02665,44.922375],[34.026742,44.922192],[34.027,44.921714],[34.026997,44.921686],[34.026986,44.92158],[34.026741,44.921454],[34.027107,44.920897],[34.027907,44.919789],[34.028398,44.919572],[34.027249,44.918381],[34.02695,44.918071],[34.026471,44.917575],[34.025549,44.916619],[34.025177,44.91627],[34.025255,44.91623],[34.025246,44.916222],[34.026321,44.915658],[34.026571,44.915499],[34.028243,44.91429],[34.030127,44.912955],[34.030173,44.912887],[34.031341,44.912946],[34.031495,44.912964],[34.031489,44.913005],[34.031775,44.913018],[34.033702,44.91223],[34.035537,44.911457],[34.035543,44.911369],[34.037743,44.911335],[34.03999,44.911309],[34.040484,44.911666],[34.040484,44.911654],[34.040687,44.911671],[34.041973,44.910792],[34.042085,44.910861],[34.042107,44.910846],[34.042484,44.91109],[34.042471,44.911097],[34.042719,44.911248],[34.042719,44.91126],[34.042761,44.911238],[34.042995,44.911364],[34.042712,44.911513],[34.042695,44.912109],[34.042759,44.912073],[34.042757,44.912148],[34.043201,44.91246],[34.04312,44.912505],[34.043812,44.913002],[34.043901,44.912952],[34.044083,44.91308],[34.043992,44.913132],[34.04443,44.913446],[34.043409,44.914139],[34.045554,44.915597],[34.046329,44.916123],[34.0473,44.916781],[34.050029,44.918631],[34.050032,44.918633],[34.050766,44.919131],[34.050786,44.91912],[34.050751,44.919096],[34.05144,44.918714],[34.052165,44.919209],[34.052155,44.919262],[34.052163,44.919267],[34.05257,44.918627],[34.051838,44.917931],[34.051724,44.91747],[34.051723,44.916776],[34.051707,44.916034],[34.051838,44.915875],[34.053305,44.915368],[34.054288,44.915118],[34.054151,44.914897],[34.05338,44.913758],[34.053369,44.91375],[34.053179,44.913844],[34.052855,44.913356],[34.05233,44.912954],[34.05191,44.912063],[34.051437,44.911063],[34.0513,44.909745],[34.046186,44.909672],[34.039855,44.909521],[34.039688,44.908871],[34.039358,44.90846],[34.039051,44.908059],[34.038787,44.907714],[34.038761,44.907179],[34.038733,44.906659],[34.038584,44.906294],[34.038417,44.905892],[34.037803,44.905539],[34.037369,44.905477],[34.036922,44.905297],[34.036287,44.905041],[34.035356,44.904599],[34.034928,44.904331],[34.034043,44.903603],[34.033502,44.903],[34.033064,44.902561],[34.032305,44.903269],[34.029756,44.90476],[34.029608,44.904684],[34.026892,44.903192],[34.025911,44.902693],[34.024996,44.902221],[34.021409,44.900439],[34.021286,44.900367],[34.019299,44.899311],[34.015767,44.897553],[34.016031,44.896232],[34.016103,44.896142],[34.017027,44.895105],[34.020002,44.895348],[34.020049,44.894062],[34.02058,44.893956],[34.021796,44.894277],[34.022354,44.894751],[34.023153,44.895745],[34.023312,44.89594],[34.023213,44.896155],[34.024895,44.897409],[34.02621,44.898389],[34.026817,44.898582],[34.029121,44.899296],[34.030416,44.900055],[34.031553,44.900727],[34.03166,44.900814],[34.032623,44.900333],[34.032555,44.900295],[34.032601,44.900255],[34.032452,44.900068],[34.032217,44.899878],[34.032127,44.899652],[34.032166,44.899502],[34.032231,44.89925],[34.032261,44.899248],[34.032618,44.899227],[34.03267,44.899225],[34.033041,44.899206],[34.0334,44.899188],[34.033646,44.899119],[34.034468,44.898889],[34.034531,44.898883],[34.035303,44.898812],[34.035338,44.898817],[34.035538,44.898846],[34.036085,44.898925],[34.036116,44.89893],[34.036546,44.898992],[34.036528,44.898947],[34.036772,44.898898],[34.036803,44.898975],[34.036808,44.898975],[34.037634,44.898901],[34.037961,44.898843],[34.03822,44.898797],[34.038634,44.898723],[34.038638,44.898723],[34.039151,44.89868],[34.039443,44.898685],[34.043134,44.898568],[34.043962,44.898639],[34.046472,44.899359],[34.046471,44.899527],[34.046474,44.899615],[34.046696,44.899614],[34.046863,44.899626],[34.046867,44.899664],[34.047347,44.899642],[34.047619,44.899655],[34.047865,44.899692],[34.048029,44.899659],[34.04814,44.899636],[34.048229,44.899619],[34.048804,44.899503],[34.049072,44.899438],[34.04917,44.899425],[34.049315,44.899452],[34.049363,44.89945],[34.048942,44.898549],[34.04878,44.898137],[34.04864,44.897777],[34.048596,44.897663],[34.048355,44.897125],[34.04827,44.896934],[34.048228,44.896816],[34.046491,44.894455],[34.045807,44.893714],[34.046039,44.893614],[34.048543,44.892576],[34.04888,44.892437],[34.047378,44.890662],[34.04643,44.889543],[34.046124,44.88968],[34.0462,44.889768],[34.045883,44.889898],[34.045565,44.890028],[34.045061,44.889447],[34.045376,44.889318],[34.045261,44.889188],[34.046017,44.888911],[34.045903,44.888776],[34.045824,44.888682],[34.044908,44.887596],[34.044099,44.887939],[34.042983,44.888378],[34.042611,44.888941],[34.041824,44.889342],[34.041414,44.889519],[34.041287,44.889568],[34.041198,44.889593],[34.03978,44.889235],[34.034515,44.887992],[34.030973,44.887137],[34.030649,44.887265],[34.029965,44.887073],[34.029789,44.886869],[34.029607,44.886656],[34.029182,44.886145],[34.029099,44.886026],[34.029316,44.885044],[34.030218,44.884792],[34.031242,44.884397],[34.032202,44.884041],[34.03267,44.884021],[34.032728,44.884092],[34.032873,44.884212],[34.03373,44.884033],[34.033674,44.883975],[34.033519,44.884035],[34.033399,44.883878],[34.033531,44.883827],[34.033384,44.883676],[34.036153,44.882734],[34.036466,44.882568],[34.036504,44.882628],[34.036718,44.882553],[34.036932,44.882478],[34.037522,44.882278],[34.038158,44.882062],[34.038082,44.881952],[34.038345,44.881857],[34.03804,44.881257],[34.038169,44.8812],[34.038233,44.881055],[34.03832,44.881023],[34.038319,44.88102],[34.038315,44.881012],[34.03836,44.880922],[34.03843,44.880782],[34.039303,44.880473],[34.039267,44.880437],[34.039242,44.880406],[34.038885,44.880055],[34.038749,44.879709],[34.038732,44.879667],[34.038678,44.879532],[34.038653,44.879468],[34.038628,44.879403],[34.038588,44.879303],[34.038536,44.879172],[34.038518,44.879139],[34.038494,44.879088],[34.038439,44.87897],[34.038492,44.878959],[34.038519,44.87901],[34.038559,44.879095],[34.038592,44.879168],[34.038634,44.879267],[34.038698,44.879434],[34.03879,44.87969],[34.038818,44.87974],[34.038838,44.879752],[34.038867,44.879762],[34.038924,44.879769],[34.039007,44.87974],[34.039342,44.879621],[34.03945,44.879582],[34.039477,44.879562],[34.039493,44.879536],[34.0395,44.879523],[34.039499,44.879482],[34.039489,44.879433],[34.039475,44.879398],[34.039451,44.879366],[34.039408,44.879329],[34.039361,44.879295],[34.039275,44.879242],[34.0392,44.879191],[34.039093,44.879106],[34.039011,44.879021],[34.038951,44.87896],[34.038871,44.878875],[34.038773,44.878764],[34.038744,44.878735],[34.038751,44.878601],[34.038757,44.878599],[34.038672,44.878466],[34.038548,44.878281],[34.038362,44.878004],[34.038223,44.877795],[34.038037,44.877509],[34.0379,44.877304],[34.037765,44.877102],[34.037593,44.876845],[34.037518,44.876735],[34.03734,44.876464],[34.037274,44.876365],[34.037116,44.876133],[34.036998,44.875964],[34.036913,44.875837],[34.03678,44.875636],[34.036671,44.875476],[34.03639,44.875038],[34.036175,44.874733],[34.036062,44.874565],[34.035919,44.874371],[34.03584,44.874256],[34.035656,44.873995],[34.035611,44.873918],[34.035581,44.87384],[34.035556,44.87371],[34.035532,44.873565],[34.035522,44.873527],[34.035489,44.873449],[34.035391,44.873352],[34.035357,44.873297],[34.035336,44.87326],[34.035334,44.873255],[34.035137,44.873371],[34.035049,44.873224],[34.035258,44.873158],[34.035147,44.872982],[34.034802,44.872464],[34.034637,44.87221],[34.034474,44.871868],[34.034444,44.871824],[34.034329,44.871975],[34.034163,44.87173],[34.034312,44.871634],[34.033587,44.87059],[34.033146,44.870712],[34.033054,44.870587],[34.03144,44.868146],[34.031108,44.86765],[34.031049,44.867563],[34.030835,44.867242],[34.030307,44.866452],[34.030041,44.866052],[34.029757,44.865658],[34.029278,44.865082],[34.028987,44.864787],[34.028696,44.864507],[34.027818,44.863784],[34.027499,44.863508],[34.027473,44.863488],[34.027087,44.863163],[34.026441,44.862644],[34.026111,44.862374],[34.025971,44.862257],[34.025648,44.861985],[34.025373,44.861754],[34.024166,44.86077],[34.023892,44.860547],[34.02163,44.85871],[34.020097,44.857465],[34.017154,44.855053],[34.016664,44.855253],[34.016529,44.8553],[34.014032,44.856172],[34.010678,44.857006],[34.008771,44.857399],[34.007466,44.857542],[34.006427,44.857522],[34.005486,44.857463],[34.004803,44.857378],[34.004874,44.858137],[34.005022,44.858773],[34.004703,44.858886],[34.005716,44.861051],[34.007107,44.864017],[34.006731,44.864254],[34.007743,44.866441],[34.009067,44.86844],[34.009445,44.868473],[34.00966,44.86829],[34.011578,44.869527],[34.011319,44.873049],[34.011116,44.873065],[34.011114,44.873213],[34.005639,44.873218],[33.990066,44.87323],[33.971108,44.873226],[33.967875,44.873208],[33.964844,44.87587],[33.961219,44.879743],[33.957368,44.883941],[33.957083,44.883871],[33.95673,44.884436],[33.955229,44.886896],[33.954451,44.886893],[33.953835,44.887941],[33.952691,44.889977],[33.952196,44.890518],[33.949709,44.893041],[33.950102,44.893243],[33.950416,44.893404],[33.95101,44.893501],[33.951449,44.893784],[33.951668,44.893926],[33.951198,44.894423],[33.950846,44.894287],[33.950808,44.894386],[33.950617,44.894318],[33.949104,44.89555],[33.946101,44.897979],[33.945874,44.898174],[33.945509,44.898487],[33.942421,44.900915],[33.942142,44.901137],[33.94214,44.901136],[33.942135,44.90114],[33.941737,44.900919],[33.941217,44.90064],[33.940854,44.900445],[33.940299,44.900417],[33.939745,44.901144],[33.939687,44.902035],[33.939643,44.90226],[33.939238,44.90269],[33.935884,44.901248],[33.93616,44.900585],[33.937179,44.899604],[33.937832,44.899515],[33.936863,44.899115],[33.937731,44.898199],[33.941746,44.893872],[33.940783,44.893585],[33.937555,44.89268],[33.938568,44.891207],[33.941472,44.886867],[33.943516,44.883883],[33.944598,44.88257],[33.94585,44.881077],[33.945855,44.881073],[33.945855,44.881072],[33.942515,44.880259],[33.940086,44.8796],[33.93681,44.883253],[33.931975,44.888714],[33.92965,44.89132],[33.927741,44.893477],[33.923177,44.898589],[33.919626,44.902555],[33.917163,44.902557],[33.916929,44.902559],[33.908465,44.902568],[33.903982,44.902572],[33.897564,44.902252],[33.897581,44.905175],[33.897592,44.907031],[33.897509,44.908513],[33.897229,44.908585],[33.896126,44.908535],[33.895702,44.908599],[33.895751,44.909178],[33.895904,44.909555],[33.896022,44.909685],[33.896417,44.909915],[33.896638,44.910393],[33.896975,44.910963],[33.897001,44.911299],[33.896877,44.91139],[33.896159,44.911412],[33.895518,44.911424],[33.895541,44.911888],[33.895667,44.912124],[33.896596,44.91336],[33.89752,44.914807],[33.895857,44.915151],[33.892923,44.915823],[33.892832,44.915873],[33.891419,44.915815],[33.890889,44.915711],[33.890602,44.915715],[33.88967,44.916097],[33.889013,44.916139],[33.888644,44.916003],[33.888517,44.915481],[33.888159,44.915498],[33.887961,44.915781],[33.888031,44.916189],[33.88761,44.916628],[33.887215,44.916616],[33.886687,44.917073],[33.886261,44.917317],[33.886113,44.917617],[33.885638,44.917923],[33.885057,44.918081],[33.882645,44.918425],[33.882212,44.918847],[33.881811,44.919667],[33.879836,44.920302],[33.879282,44.92048],[33.878887,44.920607],[33.87859,44.920236],[33.878122,44.920082],[33.877486,44.920256],[33.876194,44.92011],[33.874169,44.92045],[33.873751,44.920457],[33.870756,44.920403],[33.870157,44.920394],[33.851631,44.920502],[33.846486,44.920554],[33.840202,44.920675],[33.838422,44.920717],[33.83542,44.920762],[33.835002,44.92077],[33.832972,44.920809],[33.832908,44.920515],[33.832883,44.920143],[33.832906,44.919863],[33.832927,44.919621],[33.832975,44.919391],[33.832996,44.919289],[33.833223,44.918741],[33.83333,44.918425],[33.833302,44.917999],[33.83337,44.917588],[33.833439,44.917176],[33.833434,44.917133],[33.83342,44.91701],[33.833247,44.91637],[33.833184,44.91613],[33.83316,44.915777],[33.833197,44.915276],[33.8332,44.914627],[33.833269,44.914471],[33.833242,44.914147],[33.833041,44.913431],[33.833033,44.91336],[33.833008,44.91316],[33.833001,44.913099],[33.832952,44.912637],[33.832953,44.912232],[33.832982,44.911912],[33.833459,44.9108],[33.833475,44.910463],[33.833508,44.908496],[33.833508,44.908464],[33.833606,44.902734],[33.833676,44.900483],[33.83348,44.900039],[33.832774,44.899549],[33.832496,44.899262],[33.832446,44.899156],[33.832435,44.899019],[33.832407,44.89876],[33.822143,44.900471],[33.817118,44.900967],[33.814843,44.901123],[33.81126,44.900568],[33.801255,44.899116],[33.796839,44.898427],[33.796598,44.898368],[33.790572,44.89838],[33.781865,44.898389],[33.780024,44.898389],[33.776863,44.898345],[33.768547,44.898243],[33.765617,44.898239],[33.764033,44.898254],[33.760992,44.898272],[33.756906,44.898284],[33.752276,44.898282],[33.74806,44.898276],[33.745665,44.898281],[33.745654,44.898306],[33.745651,44.898312],[33.745611,44.898623],[33.745626,44.900887],[33.745687,44.90456],[33.745696,44.906518],[33.745158,44.907007],[33.744008,44.907789],[33.740452,44.910366],[33.739882,44.910719],[33.739556,44.910874],[33.728586,44.9047],[33.722031,44.901025],[33.718398,44.899013],[33.715307,44.901219],[33.69755,44.913851],[33.695236,44.912317],[33.693953,44.911553],[33.690183,44.914779],[33.684695,44.912608],[33.682074,44.911549],[33.68121,44.91146],[33.679421,44.911573],[33.677932,44.912001],[33.676384,44.913198],[33.676186,44.91317],[33.675812,44.913042],[33.674326,44.912449],[33.673873,44.912287],[33.673291,44.912234],[33.67237,44.912333],[33.670926,44.912015],[33.670622,44.911846],[33.670614,44.911844],[33.670363,44.913602],[33.670279,44.91425],[33.669552,44.914117],[33.668803,44.913863],[33.66683,44.913413],[33.663759,44.912631],[33.663,44.912401],[33.662379,44.912224],[33.657282,44.911079],[33.652361,44.909965],[33.647744,44.90892],[33.647281,44.908858],[33.647297,44.909331],[33.647267,44.912036],[33.647239,44.914516],[33.647214,44.920354],[33.647111,44.923737],[33.647066,44.931274],[33.646982,44.931439],[33.634694,44.929513],[33.629253,44.928653],[33.629227,44.928742],[33.628317,44.932444],[33.626512,44.940123],[33.626056,44.942071],[33.625956,44.9425],[33.625735,44.943429],[33.625292,44.945286],[33.624916,44.946949],[33.624514,44.948668],[33.623947,44.950362],[33.622803,44.953783],[33.621757,44.95684],[33.621207,44.958509],[33.620656,44.960177],[33.623964,44.960776],[33.62762,44.961442],[33.629531,44.961793],[33.629322,44.962404],[33.633003,44.962484],[33.632704,44.963427],[33.632927,44.96343],[33.632899,44.964354],[33.628726,44.964233],[33.628574,44.964684],[33.631314,44.964792],[33.631626,44.964801],[33.631592,44.964936],[33.631513,44.965175],[33.631441,44.965391],[33.631369,44.965608],[33.631306,44.965797],[33.631268,44.965914],[33.631194,44.966136],[33.631129,44.966331],[33.631064,44.966527],[33.630999,44.966722],[33.630935,44.966917],[33.63087,44.967112],[33.630805,44.967308],[33.63074,44.967503],[33.630675,44.967698],[33.630611,44.967893],[33.630546,44.968089],[33.630481,44.968284],[33.630416,44.968479],[33.630083,44.968424],[33.630037,44.968561],[33.629868,44.96856],[33.629418,44.968558],[33.629089,44.968556],[33.62892,44.968555],[33.628469,44.968553],[33.62814,44.968551],[33.627971,44.96855],[33.628013,44.968424],[33.628071,44.968248],[33.628129,44.968073],[33.628187,44.967898],[33.628246,44.967723],[33.628304,44.967548],[33.628362,44.967373],[33.62842,44.967198],[33.62805,44.967136],[33.628108,44.966961],[33.628166,44.966786],[33.628224,44.96661],[33.627943,44.966563],[33.627906,44.966673],[33.627467,44.96807],[33.627117,44.969119],[33.626823,44.970428],[33.626776,44.970428],[33.626644,44.970426],[33.626507,44.970948],[33.625193,44.976231],[33.625166,44.976476],[33.625546,44.976461],[33.625736,44.976453],[33.626115,44.976439],[33.626495,44.976424],[33.626685,44.976416],[33.627524,44.976384],[33.627918,44.976368],[33.628112,44.976361],[33.628324,44.976352],[33.628747,44.976336],[33.628955,44.976328],[33.629439,44.976309],[33.629992,44.976287],[33.630317,44.976275],[33.631029,44.976247],[33.631187,44.97624],[33.631486,44.976229],[33.631784,44.976217],[33.631854,44.976214],[33.632066,44.976206],[33.632379,44.976194],[33.632588,44.976186],[33.632658,44.976183],[33.632726,44.97618],[33.632871,44.976219],[33.633101,44.97628],[33.632873,44.976707],[33.632498,44.977411],[33.632126,44.978107],[33.631758,44.978798],[33.63173,44.97885],[33.631305,44.979646],[33.631228,44.979791],[33.631116,44.979754],[33.629875,44.9821],[33.630024,44.982101],[33.630018,44.982288],[33.630017,44.98235],[33.630012,44.982509],[33.630014,44.982627],[33.630016,44.982813],[33.630016,44.982814],[33.630017,44.982905],[33.630017,44.98294],[33.629866,44.982939],[33.629865,44.982977],[33.629864,44.983159],[33.629862,44.983339],[33.629861,44.983428],[33.62986,44.983609],[33.629858,44.983788],[33.629857,44.98397],[33.629855,44.984148],[33.629854,44.984328],[33.629853,44.984508],[33.629851,44.984688],[33.62985,44.984869],[33.629848,44.985048],[33.629847,44.985165],[33.629846,44.985345],[33.629844,44.985525],[33.629843,44.985706],[33.629837,44.986432],[33.629833,44.986633],[33.629757,44.991363],[33.62976,44.991618],[33.636779,44.991665],[33.647751,44.991629],[33.659725,44.991589],[33.65978,44.987644],[33.676537,44.98764],[33.676553,44.987583],[33.678263,44.984344],[33.680361,44.980268],[33.682438,44.976224],[33.682768,44.976278],[33.683262,44.976387],[33.683934,44.97644],[33.683946,44.976439],[33.684287,44.976434],[33.684383,44.976432],[33.684588,44.976378],[33.68387,44.976184],[33.684338,44.975168],[33.684431,44.974999],[33.685226,44.973646],[33.686519,44.973949],[33.686693,44.974034],[33.688077,44.973614],[33.688613,44.971531],[33.687574,44.971233],[33.687903,44.970607],[33.687845,44.97004],[33.687847,44.969945],[33.688937,44.969889],[33.690112,44.969717],[33.699568,44.968178],[33.699912,44.96939],[33.700538,44.97152],[33.701142,44.971501],[33.702369,44.972157],[33.703255,44.972526],[33.703953,44.972881],[33.704177,44.973004],[33.705677,44.973821],[33.705646,44.974588],[33.705642,44.975009],[33.705671,44.97499],[33.705742,44.974892],[33.705734,44.975354],[33.705656,44.975233],[33.70564,44.975217],[33.705606,44.978759],[33.705802,44.978749],[33.705677,44.993134],[33.705586,44.994022],[33.703106,45.000687],[33.702794,45.001526],[33.702644,45.002504],[33.702608,45.005721],[33.702584,45.019867],[33.702496,45.020606],[33.702092,45.021425],[33.70117,45.022319],[33.700056,45.023047],[33.697769,45.024541],[33.697956,45.024722],[33.699631,45.024731],[33.701741,45.024714],[33.70658,45.024676],[33.706583,45.024862],[33.715236,45.024814],[33.71739,45.0248],[33.718566,45.024792],[33.719098,45.024773],[33.719722,45.024672],[33.72488,45.022331],[33.725412,45.022174],[33.725664,45.022146],[33.72864,45.022224],[33.731563,45.022299],[33.732145,45.022318],[33.732753,45.022294],[33.751536,45.02066],[33.752384,45.020586],[33.769894,45.019073],[33.777363,45.018428],[33.779661,45.018229],[33.779647,45.017929],[33.779646,45.01791],[33.779608,45.017395],[33.7797,45.017377],[33.780201,45.017348],[33.780206,45.017159],[33.781429,45.017035],[33.781258,45.015194],[33.782133,45.01503],[33.782596,45.01493],[33.783291,45.014871],[33.783623,45.014806],[33.784423,45.014754],[33.784804,45.014818],[33.785031,45.01484],[33.785792,45.014874],[33.78598,45.014868],[33.786015,45.014885],[33.78638,45.014901],[33.786383,45.015059],[33.786385,45.01506],[33.786508,45.016986],[33.786471,45.017016],[33.786402,45.017022],[33.786402,45.017056],[33.786568,45.017055],[33.786899,45.017052],[33.786928,45.017112],[33.786998,45.017321],[33.787176,45.017973],[33.787176,45.017976],[33.78749,45.017958],[33.787532,45.018243],[33.787217,45.018259],[33.787219,45.018272],[33.787028,45.018272],[33.787115,45.018696],[33.787089,45.018695],[33.786774,45.01868],[33.786957,45.018946],[33.787139,45.019212],[33.786847,45.019309],[33.787083,45.019638],[33.787259,45.01981],[33.78747,45.019943],[33.787692,45.020034],[33.78796,45.02009],[33.78841,45.020153],[33.789187,45.020211],[33.797958,45.020539],[33.804803,45.020338],[33.818293,45.019695],[33.824139,45.019328],[33.826501,45.019022],[33.826807,45.019004],[33.826999,45.018821],[33.827298,45.018534],[33.827686,45.018333],[33.828506,45.017893],[33.833416,45.015545],[33.83462,45.01497],[33.834991,45.014657],[33.835063,45.014343],[33.835051,45.014034],[33.835031,45.013529],[33.835151,45.011274],[33.860996,45.011198],[33.871943,45.011033],[33.872032,45.007092],[33.872054,45.00199],[33.872156,44.99725],[33.872731,44.997239],[33.872944,44.997202],[33.873092,44.997119],[33.88098,44.997028],[33.884966,44.996981],[33.884966,44.995238],[33.884966,44.992066],[33.884921,44.991446],[33.884866,44.989515],[33.884933,44.983672],[33.884977,44.978819],[33.886471,44.978513],[33.895161,44.97676],[33.89544,44.97676],[33.895672,44.976787],[33.895759,44.976851],[33.895767,44.976939],[33.895757,44.97703],[33.895781,44.977106],[33.896344,44.978058],[33.896524,44.978234],[33.896658,44.978305],[33.896996,44.978496],[33.897347,44.97865],[33.897479,44.978733],[33.898211,44.979337],[33.898391,44.979434],[33.899096,44.979688],[33.899482,44.979853],[33.899606,44.979927],[33.899732,44.980063],[33.899847,44.980242],[33.900665,44.981564],[33.900815,44.981693],[33.901116,44.981807],[33.901539,44.981932],[33.902494,44.982141],[33.902865,44.982304],[33.903519,44.982699],[33.904104,44.982911],[33.906523,44.98375],[33.908583,44.984569],[33.909173,44.985066],[33.910487,44.985776],[33.910707,44.985939],[33.911018,44.987085],[33.913366,44.987563],[33.913088,44.986597],[33.912921,44.985545],[33.913032,44.984815],[33.913132,44.984273],[33.91301,44.983582],[33.912866,44.983134],[33.912833,44.982679],[33.912921,44.982216],[33.91331,44.981784],[33.914465,44.981108],[33.916113,44.98037],[33.917845,44.979663],[33.918822,44.979035],[33.920088,44.978627],[33.921109,44.978611],[33.92223,44.978491],[33.92385,44.978627],[33.924934,44.978737],[33.925406,44.978157],[33.925631,44.977975],[33.926307,44.977663],[33.927144,44.9772],[33.927334,44.97709],[33.938666,44.974202],[33.944835,44.972968],[33.945739,44.970088],[33.947812,44.965847],[33.947934,44.965771],[33.948165,44.965628],[33.948043,44.965556],[33.947802,44.962555],[33.947501,44.962355],[33.946621,44.961734],[33.945873,44.961495],[33.945251,44.961453],[33.944289,44.961577],[33.943327,44.9617],[33.942658,44.961791],[33.942542,44.961807],[33.941733,44.962062],[33.940825,44.962633],[33.940024,44.961958],[33.939958,44.96199],[33.93989,44.961936],[33.939588,44.96228],[33.939443,44.962501],[33.938848,44.963787],[33.937998,44.963575],[33.93733,44.963408],[33.93758,44.962676],[33.937765,44.962007],[33.937834,44.961913],[33.93791,44.961811],[33.938041,44.961635],[33.937827,44.961683],[33.938303,44.961283],[33.938841,44.960558],[33.939761,44.960139],[33.940208,44.960044],[33.940646,44.960007],[33.940825,44.960022],[33.94097,44.960017],[33.941076,44.960081],[33.941457,44.960241],[33.941866,44.960226],[33.942004,44.960213],[33.942007,44.960221],[33.94185,44.959789],[33.942495,44.959665],[33.942528,44.959869],[33.942559,44.960161]],[[33.750654,44.963628],[33.750807,44.96362],[33.750655,44.962331],[33.7507,44.962253],[33.757883,44.960607],[33.758827,44.967304],[33.756847,44.967406],[33.757312,44.971152],[33.759187,44.971047],[33.759606,44.974325],[33.752206,44.974786],[33.751546,44.96968],[33.750945,44.969703],[33.750477,44.969723],[33.750388,44.969727],[33.749504,44.969765],[33.749264,44.968919],[33.74925,44.96887],[33.749105,44.968357],[33.749089,44.968296],[33.74236,44.968649],[33.74183,44.964539],[33.748027,44.963099],[33.748103,44.963791],[33.750654,44.963628]],[[33.711256,44.930754],[33.711096,44.930667],[33.711072,44.930666],[33.708433,44.929404],[33.708646,44.929004],[33.70865,44.929006],[33.708657,44.928993],[33.707322,44.928643],[33.704369,44.927828],[33.704455,44.927496],[33.704689,44.926929],[33.703522,44.926548],[33.703347,44.926546],[33.703831,44.925361],[33.704533,44.925615],[33.704844,44.925535],[33.705439,44.924782],[33.706788,44.923527],[33.706039,44.923071],[33.704734,44.922324],[33.704508,44.922111],[33.704731,44.922081],[33.712861,44.921786],[33.712951,44.921783],[33.71321,44.921773],[33.71347,44.921764],[33.713755,44.921753],[33.714013,44.921744],[33.714032,44.922031],[33.714042,44.922168],[33.714093,44.922915],[33.714105,44.923088],[33.714136,44.923544],[33.714153,44.924245],[33.714154,44.924555],[33.714158,44.924588],[33.714141,44.924608],[33.714149,44.924714],[33.714285,44.924776],[33.714497,44.924874],[33.71471,44.924972],[33.714923,44.92507],[33.715136,44.925168],[33.715217,44.925205],[33.719358,44.927073],[33.720743,44.9277],[33.720709,44.927736],[33.720525,44.92794],[33.724238,44.929564],[33.724722,44.929594],[33.724858,44.929534],[33.724631,44.927417],[33.724738,44.927221],[33.724839,44.927217],[33.724894,44.927164],[33.724979,44.927123],[33.725196,44.927118],[33.725248,44.92707],[33.730505,44.926863],[33.730341,44.927612],[33.730217,44.928182],[33.728706,44.927861],[33.728062,44.927751],[33.727411,44.929768],[33.727321,44.929772],[33.727263,44.929946],[33.725079,44.930007],[33.725124,44.930878],[33.725202,44.931755],[33.725245,44.931774],[33.725244,44.931762],[33.725455,44.931857],[33.726566,44.930652],[33.726614,44.93068],[33.726626,44.930668],[33.728256,44.93161],[33.727638,44.932624],[33.728669,44.93329],[33.728868,44.933413],[33.728866,44.933418],[33.728903,44.933441],[33.728762,44.933846],[33.728611,44.934278],[33.728566,44.934257],[33.728405,44.934705],[33.728215,44.935097],[33.727637,44.935817],[33.727641,44.936365],[33.727275,44.936361],[33.727284,44.936372],[33.723786,44.93635],[33.7225,44.935682],[33.722039,44.935635],[33.722043,44.935607],[33.720523,44.935449],[33.717376,44.934811],[33.717802,44.933406],[33.7178,44.933402],[33.717633,44.93337],[33.717529,44.933353],[33.717392,44.933328],[33.717148,44.933274],[33.717031,44.933256],[33.716914,44.93324],[33.71679,44.933226],[33.71656,44.933192],[33.716503,44.933174],[33.716486,44.933155],[33.716189,44.933104],[33.716166,44.933125],[33.715731,44.933051],[33.715488,44.93301],[33.715147,44.932952],[33.715159,44.932927],[33.712698,44.932504],[33.712905,44.931699],[33.7119,44.931525],[33.71128,44.931157],[33.711267,44.931169],[33.710974,44.930997],[33.711256,44.930754]],[[33.781094,44.935813],[33.78128,44.935641],[33.782728,44.934703],[33.78483,44.933339],[33.78545,44.933717],[33.787812,44.935128],[33.788211,44.93487],[33.788714,44.934531],[33.789217,44.934191],[33.790503,44.934229],[33.791511,44.934228],[33.792517,44.933737],[33.793031,44.934225],[33.793324,44.934087],[33.793918,44.933781],[33.794145,44.933524],[33.794256,44.93313],[33.794189,44.932143],[33.794183,44.932056],[33.794151,44.930501],[33.793793,44.930151],[33.794519,44.929949],[33.794966,44.929825],[33.796184,44.930754],[33.796577,44.93118],[33.797839,44.93267],[33.798408,44.933242],[33.799495,44.933563],[33.800549,44.933926],[33.800344,44.934174],[33.800304,44.934223],[33.800186,44.934369],[33.800021,44.934572],[33.800022,44.934572],[33.799864,44.934767],[33.799704,44.934962],[33.799545,44.935157],[33.799389,44.935348],[33.799386,44.935351],[33.799069,44.935741],[33.798911,44.935936],[33.797943,44.936838],[33.797747,44.937015],[33.79647,44.93807],[33.796247,44.93823],[33.795644,44.938599],[33.795422,44.938759],[33.795594,44.939215],[33.79635,44.940318],[33.797042,44.941047],[33.79742,44.941205],[33.798327,44.941502],[33.801738,44.942048],[33.803545,44.942179],[33.804061,44.942176],[33.805183,44.942058],[33.808263,44.941712],[33.810753,44.941441],[33.81159,44.941636],[33.811534,44.942],[33.811615,44.942286],[33.811728,44.942463],[33.811793,44.94285],[33.811754,44.943047],[33.811831,44.9433],[33.81196,44.94351],[33.811942,44.943699],[33.811869,44.943899],[33.811822,44.944128],[33.811748,44.944449],[33.811847,44.944855],[33.811851,44.944869],[33.812067,44.944856],[33.812158,44.944853],[33.812557,44.94484],[33.812851,44.944814],[33.81315,44.944764],[33.81365,44.944667],[33.814103,44.944573],[33.814897,44.944387],[33.815742,44.944175],[33.816368,44.944045],[33.816918,44.943924],[33.815783,44.941744],[33.816694,44.941522],[33.816732,44.941513],[33.816717,44.941486],[33.817101,44.941383],[33.817119,44.941416],[33.817821,44.94124],[33.81798,44.941208],[33.818083,44.941165],[33.818148,44.941144],[33.818348,44.941089],[33.818416,44.941074],[33.818423,44.941062],[33.818476,44.941048],[33.818504,44.941103],[33.819309,44.940941],[33.819291,44.940892],[33.819699,44.940827],[33.819716,44.940868],[33.821434,44.940586],[33.821414,44.940451],[33.821468,44.940412],[33.821464,44.940402],[33.821476,44.940406],[33.822295,44.939818],[33.821887,44.938453],[33.821961,44.93844],[33.821946,44.938391],[33.822078,44.938371],[33.822091,44.938417],[33.823115,44.938239],[33.823071,44.938115],[33.823129,44.937722],[33.823166,44.93772],[33.823167,44.937718],[33.823176,44.937688],[33.823195,44.937683],[33.823201,44.937682],[33.823275,44.937669],[33.823384,44.937661],[33.823616,44.937655],[33.823911,44.93763],[33.824005,44.937615],[33.824087,44.937609],[33.824618,44.937504],[33.824851,44.937442],[33.825508,44.937204],[33.825563,44.937201],[33.825638,44.937182],[33.825974,44.937153],[33.82601,44.937118],[33.826248,44.93712],[33.826271,44.937123],[33.826307,44.937121],[33.826437,44.937133],[33.826662,44.937168],[33.827129,44.937239],[33.827751,44.937322],[33.827795,44.937315],[33.828442,44.937409],[33.829176,44.937464],[33.829608,44.937496],[33.830332,44.937512],[33.830345,44.937513],[33.830914,44.937511],[33.831238,44.937232],[33.831506,44.937021],[33.831987,44.93684],[33.83189,44.936592],[33.832235,44.936465],[33.832121,44.93629],[33.832407,44.936248],[33.833502,44.935982],[33.833795,44.93708],[33.833859,44.937258],[33.834019,44.93788],[33.834015,44.9379],[33.834254,44.938783],[33.833982,44.938848],[33.833391,44.938989],[33.833087,44.939363],[33.832702,44.939539],[33.832303,44.939609],[33.831695,44.939199],[33.831034,44.93926],[33.831035,44.93953],[33.831459,44.941192],[33.830247,44.941412],[33.830975,44.943915],[33.830945,44.943921],[33.830953,44.943938],[33.830759,44.943952],[33.830742,44.943939],[33.830719,44.943927],[33.830702,44.94392],[33.830538,44.943911],[33.829134,44.943584],[33.82754,44.943221],[33.827076,44.943363],[33.825994,44.94346],[33.824526,44.943143],[33.822876,44.943393],[33.822982,44.943579],[33.823006,44.943872],[33.823089,44.947027],[33.82284,44.947165],[33.822463,44.947222],[33.822521,44.94743],[33.822626,44.947822],[33.822754,44.948292],[33.822819,44.948524],[33.822874,44.948718],[33.822997,44.949146],[33.823059,44.949321],[33.823102,44.949425],[33.823133,44.949473],[33.82317,44.949503],[33.823223,44.949522],[33.823265,44.949529],[33.822839,44.949589],[33.82293,44.94956],[33.822951,44.949549],[33.82297,44.949527],[33.822981,44.949485],[33.822985,44.949435],[33.822968,44.949335],[33.822911,44.949131],[33.82281,44.948764],[33.822677,44.948278],[33.82256,44.947856],[33.822437,44.947424],[33.822421,44.947343],[33.822414,44.947306],[33.822392,44.947233],[33.822257,44.947253],[33.822248,44.947255],[33.822141,44.947276],[33.822056,44.947288],[33.822027,44.947288],[33.82182,44.947319],[33.817282,44.948094],[33.816173,44.948303],[33.81422,44.948618],[33.814007,44.94798],[33.813361,44.948098],[33.813199,44.947934],[33.813009,44.947904],[33.812655,44.948371],[33.812886,44.948608],[33.812995,44.948713],[33.813346,44.949056],[33.813451,44.949167],[33.813552,44.949288],[33.81376,44.949492],[33.814158,44.949856],[33.814371,44.950051],[33.814539,44.950237],[33.814679,44.950422],[33.814931,44.950792],[33.814986,44.950839],[33.815075,44.95087],[33.814832,44.950892],[33.81487,44.950857],[33.814869,44.95079],[33.814629,44.950436],[33.814497,44.950262],[33.814326,44.950079],[33.814131,44.949895],[33.813771,44.949565],[33.813635,44.94943],[33.813422,44.949215],[33.813242,44.949035],[33.812825,44.948618],[33.812623,44.948413],[33.812589,44.948457],[33.812517,44.94849],[33.811703,44.947763],[33.808226,44.94776],[33.807991,44.945526],[33.807976,44.945205],[33.808197,44.945207],[33.808195,44.945194],[33.808698,44.94515],[33.808708,44.945207],[33.808766,44.945204],[33.808757,44.945156],[33.808749,44.945109],[33.808734,44.945089],[33.808706,44.945073],[33.808602,44.945049],[33.8086,44.945011],[33.808115,44.944933],[33.807791,44.944873],[33.807296,44.944815],[33.806597,44.944766],[33.806049,44.944684],[33.805354,44.944608],[33.804826,44.94455],[33.804488,44.944547],[33.803959,44.944536],[33.803676,44.944583],[33.803424,44.944709],[33.803266,44.944877],[33.803268,44.944949],[33.803193,44.945049],[33.803348,44.945343],[33.803499,44.945689],[33.803497,44.945853],[33.803454,44.946461],[33.803515,44.946968],[33.803566,44.947445],[33.803601,44.94789],[33.803588,44.948126],[33.803542,44.948323],[33.803527,44.948687],[33.803558,44.948867],[33.803554,44.949136],[33.803556,44.949603],[33.803598,44.949947],[33.803493,44.950779],[33.803534,44.950974],[33.803536,44.95109],[33.803087,44.951094],[33.796578,44.951124],[33.795862,44.951155],[33.794814,44.951311],[33.793945,44.951485],[33.777559,44.955469],[33.776573,44.955708],[33.766482,44.958172],[33.766361,44.958203],[33.765228,44.958489],[33.764304,44.956488],[33.762924,44.953629],[33.761629,44.950918],[33.761074,44.94974],[33.763221,44.949242],[33.765782,44.948638],[33.767258,44.948312],[33.773045,44.948738],[33.773202,44.947616],[33.774352,44.947679],[33.774587,44.945892],[33.774225,44.944931],[33.778921,44.945142],[33.779009,44.944702],[33.782666,44.944846],[33.783554,44.94256],[33.783422,44.942445],[33.783462,44.942022],[33.779978,44.941158],[33.780124,44.940239],[33.779626,44.939706],[33.775611,44.938833],[33.775621,44.93879],[33.775417,44.939052],[33.774947,44.938732],[33.7752,44.938463],[33.77524,44.938439],[33.775661,44.938627],[33.775663,44.938619],[33.776057,44.938371],[33.77703,44.938121],[33.77806,44.937833],[33.779961,44.936903],[33.781509,44.936131],[33.781094,44.935813]],[[33.901486,44.924587],[33.900912,44.924759],[33.900822,44.924629],[33.900777,44.924554],[33.898047,44.923671],[33.89792,44.923302],[33.8956,44.923753],[33.894812,44.923518],[33.894108,44.923303],[33.893571,44.92307],[33.893726,44.922985],[33.893777,44.922958],[33.893705,44.922932],[33.894227,44.922375],[33.89489,44.922527],[33.895416,44.922442],[33.895392,44.921862],[33.895275,44.92188],[33.895272,44.921789],[33.89527,44.921781],[33.895388,44.921764],[33.895377,44.921513],[33.895253,44.92081],[33.896679,44.920535],[33.896677,44.920529],[33.896951,44.920481],[33.896961,44.92048],[33.897028,44.920467],[33.897195,44.920422],[33.8972,44.920434],[33.89751,44.920374],[33.8975,44.920345],[33.89761,44.920355],[33.898484,44.920186],[33.898683,44.920177],[33.899541,44.920168],[33.89997,44.920132],[33.902531,44.919632],[33.903894,44.919425],[33.904054,44.919994],[33.905018,44.919862],[33.906619,44.922361],[33.905803,44.922602],[33.907689,44.923614],[33.911763,44.922936],[33.91233,44.923424],[33.912641,44.924889],[33.910594,44.925124],[33.908668,44.925343],[33.909554,44.927234],[33.90678,44.927698],[33.903526,44.928277],[33.903452,44.928053],[33.903235,44.92809],[33.902649,44.926377],[33.90261,44.926262],[33.902122,44.925602],[33.901486,44.924587]],[[33.996635,44.88939],[33.996405,44.889186],[33.996578,44.889139],[33.996233,44.888837],[33.99606,44.888762],[33.995711,44.888742],[33.995626,44.888741],[33.995624,44.888737],[33.994086,44.88865],[33.98987,44.888247],[33.989349,44.888112],[33.986712,44.887806],[33.986796,44.887971],[33.98598,44.887871],[33.983446,44.887544],[33.980327,44.88712],[33.978937,44.885536],[33.979047,44.884827],[33.979497,44.884944],[33.982308,44.884919],[33.98282,44.884688],[33.983355,44.884152],[33.984348,44.882494],[33.987301,44.882515],[33.988058,44.882744],[33.988342,44.88286],[33.98849,44.883397],[33.989781,44.88274],[33.990387,44.882628],[33.991437,44.883317],[33.992653,44.884025],[33.992979,44.884011],[33.993535,44.883989],[33.994193,44.884042],[33.997501,44.886555],[33.999417,44.887987],[34.000503,44.889669],[33.999566,44.890115],[33.998622,44.890872],[33.998287,44.890589],[33.998264,44.890603],[33.998229,44.890619],[33.997791,44.890184],[33.997804,44.890181],[33.997032,44.889529],[33.996818,44.889597],[33.9966,44.889401],[33.996635,44.88939]],[[33.976551,44.913841],[33.976544,44.913785],[33.98184,44.913302],[33.982901,44.915481],[33.984945,44.915266],[33.985922,44.915221],[33.98616,44.915252],[33.986715,44.915269],[33.986725,44.91519],[33.98701,44.915199],[33.987025,44.916079],[33.987063,44.918556],[33.986083,44.918512],[33.986033,44.918513],[33.986012,44.918509],[33.985897,44.918504],[33.985832,44.9194],[33.982109,44.919765],[33.980047,44.920097],[33.979877,44.920026],[33.979787,44.920036],[33.979771,44.919981],[33.978933,44.919629],[33.979003,44.919833],[33.978816,44.919867],[33.978955,44.920294],[33.976137,44.920675],[33.97513,44.921024],[33.97326,44.921647],[33.972678,44.921787],[33.972316,44.921814],[33.972178,44.921839],[33.971866,44.921861],[33.971725,44.921857],[33.971279,44.92189],[33.970065,44.921854],[33.97,44.922333],[33.969997,44.922897],[33.970185,44.92462],[33.968541,44.924669],[33.968397,44.92465],[33.968265,44.924654],[33.965261,44.924255],[33.965254,44.924238],[33.96478,44.924176],[33.964856,44.924713],[33.964629,44.924683],[33.964602,44.92468],[33.963954,44.924595],[33.963953,44.924592],[33.963732,44.924562],[33.963674,44.924223],[33.963646,44.924053],[33.963615,44.92387],[33.963584,44.923687],[33.963553,44.923504],[33.963522,44.923321],[33.963491,44.923138],[33.96346,44.922955],[33.963427,44.922754],[33.96364,44.922747],[33.963634,44.922713],[33.964667,44.922668],[33.964851,44.92258],[33.966591,44.922333],[33.966735,44.922269],[33.968109,44.922081],[33.968155,44.922074],[33.968149,44.922059],[33.968126,44.922063],[33.968069,44.921882],[33.967882,44.921463],[33.967262,44.919098],[33.966762,44.917101],[33.966564,44.916258],[33.96868,44.91605],[33.968777,44.916356],[33.970907,44.916199],[33.971292,44.916028],[33.972397,44.915956],[33.976553,44.915438],[33.976543,44.915367],[33.976459,44.914749],[33.97644,44.914615],[33.976369,44.913995],[33.976357,44.91386],[33.976551,44.913841]],[[34.015591,44.896857],[34.015384,44.897072],[34.015006,44.896893],[34.015181,44.896684],[34.015591,44.896857]],[[33.770965,44.906624],[33.770063,44.904496],[33.771136,44.903643],[33.777157,44.902338],[33.780163,44.901697],[33.780144,44.901459],[33.783684,44.901493],[33.789146,44.901507],[33.789215,44.901666],[33.789301,44.902509],[33.789535,44.904672],[33.78949,44.906909],[33.787599,44.906952],[33.784305,44.906956],[33.784623,44.907673],[33.782138,44.907718],[33.776719,44.907541],[33.772704,44.907392],[33.772245,44.906543],[33.770965,44.906624]],[[33.718083,44.976385],[33.71809,44.976315],[33.718141,44.976315],[33.718139,44.976304],[33.719013,44.976264],[33.719491,44.976275],[33.720259,44.976348],[33.721175,44.976323],[33.722508,44.976288],[33.722857,44.976329],[33.723719,44.976307],[33.723762,44.976979],[33.72454,44.976991],[33.727275,44.977101],[33.728133,44.977109],[33.729894,44.977412],[33.73005,44.976975],[33.730083,44.976665],[33.731339,44.976623],[33.732387,44.976606],[33.733503,44.976724],[33.736839,44.977075],[33.738263,44.977238],[33.741897,44.979003],[33.743682,44.979863],[33.743767,44.9807],[33.743786,44.980709],[33.74377,44.98073],[33.743773,44.980761],[33.744574,44.981162],[33.744694,44.981165],[33.744701,44.981158],[33.744714,44.981165],[33.750078,44.980732],[33.750269,44.982021],[33.75054,44.983956],[33.750707,44.985002],[33.750723,44.985102],[33.750725,44.985103],[33.750956,44.985177],[33.750777,44.98545],[33.750848,44.985903],[33.750854,44.985905],[33.750861,44.985966],[33.750858,44.985965],[33.750873,44.986061],[33.750921,44.986967],[33.750682,44.987375],[33.752002,44.987697],[33.751848,44.987963],[33.751851,44.987963],[33.751629,44.988356],[33.751568,44.988455],[33.751563,44.988454],[33.751202,44.989077],[33.750546,44.989267],[33.748742,44.989185],[33.747943,44.988843],[33.747307,44.988737],[33.746873,44.9885],[33.746363,44.988427],[33.744563,44.988227],[33.744263,44.988704],[33.743811,44.988934],[33.739989,44.98879],[33.734894,44.988192],[33.734918,44.987138],[33.734914,44.984916],[33.734957,44.982991],[33.732484,44.981869],[33.732314,44.982115],[33.73223,44.982202],[33.732202,44.982188],[33.732289,44.982099],[33.732452,44.981856],[33.731425,44.981648],[33.728058,44.980891],[33.726041,44.980617],[33.725222,44.980401],[33.723276,44.979655],[33.721855,44.979137],[33.721862,44.9789],[33.721836,44.978437],[33.721434,44.978352],[33.719114,44.977876],[33.716526,44.977334],[33.716793,44.976773],[33.716762,44.976741],[33.716749,44.976702],[33.716898,44.97647],[33.717143,44.976442],[33.717626,44.976409],[33.718083,44.976385]],[[33.752772,45.002391],[33.753396,45.002409],[33.757286,45.002474],[33.757282,45.002484],[33.757572,45.002488],[33.756947,45.003713],[33.758018,45.003476],[33.758497,45.003676],[33.75873,45.004604],[33.756622,45.00527],[33.754642,45.005893],[33.753693,45.006042],[33.7509,45.006512],[33.750277,45.006632],[33.750069,45.006696],[33.750932,45.008598],[33.750848,45.009009],[33.750962,45.010234],[33.74847,45.010195],[33.747188,45.010581],[33.745772,45.011012],[33.745752,45.011029],[33.745502,45.011118],[33.745454,45.011187],[33.74541,45.011202],[33.743726,45.011908],[33.742061,45.012362],[33.740444,45.012805],[33.739191,45.013232],[33.738734,45.013391],[33.738664,45.013876],[33.738617,45.013882],[33.738616,45.013883],[33.73856,45.013899],[33.738444,45.013916],[33.73822,45.013936],[33.737724,45.014003],[33.737452,45.014003],[33.735123,45.014208],[33.734691,45.014255],[33.734123,45.014364],[33.734118,45.014351],[33.733525,45.014473],[33.732908,45.014651],[33.732915,45.014669],[33.732595,45.014763],[33.732587,45.014744],[33.732028,45.014906],[33.730645,45.015217],[33.730581,45.014433],[33.730191,45.014219],[33.73015,45.01423],[33.730131,45.014186],[33.730042,45.014137],[33.729993,45.013857],[33.72996,45.013776],[33.729978,45.013771],[33.729898,45.013309],[33.729858,45.013321],[33.729883,45.013224],[33.729873,45.013164],[33.731027,45.012851],[33.739146,45.010482],[33.742193,45.009573],[33.742006,45.008392],[33.744503,45.006688],[33.746596,45.006794],[33.748126,45.006598],[33.748233,45.006476],[33.749652,45.005517],[33.750257,45.005194],[33.749881,45.004522],[33.751376,45.004162],[33.75131,45.003992],[33.752196,45.003577],[33.752772,45.002391]],[[34.034651,44.872334],[34.03485,44.87261],[34.03471,44.872655],[34.034525,44.872385],[34.034651,44.872334]],[[34.000975,44.88786],[34.001,44.887841],[34.001041,44.887868],[34.001207,44.887984],[34.001179,44.888004],[34.000975,44.88786]],[[34.045854,44.896608],[34.04577,44.896497],[34.046307,44.896299],[34.046339,44.896346],[34.045956,44.896488],[34.046001,44.896555],[34.045854,44.896608]],[[34.051915,44.915413],[34.051229,44.914395],[34.05152,44.914296],[34.052206,44.915314],[34.051915,44.915413]],[[33.877996,44.926544],[33.877852,44.926199],[33.878155,44.926134],[33.8783,44.92648],[33.877996,44.926544]],[[33.877803,44.927473],[33.877656,44.927128],[33.877959,44.927063],[33.878106,44.927408],[33.877803,44.927473]],[[33.728825,44.931588],[33.728979,44.931411],[33.729249,44.931529],[33.729094,44.931706],[33.728825,44.931588]],[[33.877869,44.930504],[33.877724,44.930164],[33.878031,44.930098],[33.878176,44.930438],[33.877869,44.930504]],[[33.82049,44.937953],[33.820439,44.937957],[33.82043,44.937932],[33.820485,44.937927],[33.82049,44.937953]],[[33.841089,44.938218],[33.840937,44.9379],[33.840978,44.937889],[33.841255,44.93782],[33.841412,44.938149],[33.841089,44.938218]],[[33.842639,44.938798],[33.842334,44.938842],[33.842208,44.938515],[33.842491,44.938413],[33.842639,44.938798]],[[33.769865,44.980723],[33.769847,44.980671],[33.769921,44.980658],[33.769939,44.98071],[33.769865,44.980723]],[[33.731296,44.982728],[33.73164,44.982056],[33.732236,44.982213],[33.731885,44.982877],[33.731296,44.982728]],[[33.748068,45.004546],[33.748049,45.004415],[33.748086,45.004412],[33.747926,45.003556],[33.749374,45.003424],[33.749533,45.004282],[33.748502,45.004429],[33.748506,45.004487],[33.748068,45.004546]],[[33.708911,45.02471],[33.708911,45.023997],[33.709956,45.024021],[33.710828,45.024099],[33.710808,45.024697],[33.708911,45.02471]],[[33.856535,44.94243],[33.855973,44.942667],[33.855174,44.942862],[33.855212,44.942924],[33.854828,44.943045],[33.852251,44.943843],[33.851939,44.943918],[33.851174,44.944041],[33.850487,44.944215],[33.84961,44.944359],[33.849411,44.944059],[33.844784,44.944951],[33.84089,44.945703],[33.838919,44.946079],[33.838793,44.946669],[33.838725,44.946842],[33.838498,44.947003],[33.837685,44.947137],[33.837901,44.947684],[33.837031,44.94781],[33.836946,44.94754],[33.836516,44.946256],[33.836947,44.946289],[33.83489,44.941398],[33.834593,44.940597],[33.834566,44.940532],[33.834797,44.940459],[33.836356,44.940193],[33.837809,44.9399],[33.838388,44.939778],[33.838653,44.939727],[33.840004,44.939472],[33.842494,44.939083],[33.843186,44.938971],[33.84392,44.938871],[33.844907,44.938779],[33.846544,44.938709],[33.847998,44.938452],[33.848085,44.938437],[33.848065,44.938364],[33.847985,44.938194],[33.848295,44.936912],[33.84875,44.936906],[33.849356,44.936895],[33.85078,44.936913],[33.851536,44.936886],[33.851748,44.936885],[33.853194,44.93685],[33.85358,44.936821],[33.853954,44.936765],[33.854274,44.936687],[33.854592,44.936586],[33.854651,44.936563],[33.85493,44.936452],[33.855113,44.936366],[33.855242,44.936257],[33.855292,44.936124],[33.855377,44.936112],[33.855507,44.93605],[33.855593,44.935975],[33.855663,44.935904],[33.855701,44.935877],[33.855787,44.93583],[33.856369,44.9356],[33.856503,44.935568],[33.85664,44.93555],[33.856808,44.935551],[33.85701,44.935566],[33.857675,44.935658],[33.858071,44.935712],[33.858856,44.935812],[33.859357,44.935875],[33.860031,44.935961],[33.860462,44.93602],[33.860724,44.936042],[33.8609,44.936043],[33.861091,44.936035],[33.861227,44.93601],[33.861402,44.935965],[33.86135,44.935834],[33.86222,44.935277],[33.861423,44.932971],[33.862042,44.932567],[33.864641,44.932141],[33.865643,44.932408],[33.86625,44.932239],[33.864566,44.931094],[33.86636,44.931093],[33.868081,44.930546],[33.86963,44.930819],[33.86955,44.93174],[33.869257,44.932322],[33.868887,44.932504],[33.868791,44.932835],[33.869182,44.933328],[33.869576,44.933817],[33.873316,44.932955],[33.873602,44.932888],[33.879937,44.931574],[33.884088,44.930683],[33.88457,44.930584],[33.884624,44.931359],[33.886079,44.931044],[33.887182,44.93346],[33.886592,44.933573],[33.886825,44.934076],[33.887803,44.935524],[33.887113,44.935782],[33.886697,44.935893],[33.886382,44.935409],[33.886185,44.935475],[33.882603,44.936731],[33.882265,44.936837],[33.882201,44.93674],[33.881584,44.935836],[33.879021,44.936812],[33.877771,44.93937],[33.87627,44.939688],[33.874497,44.940077],[33.874161,44.939905],[33.873418,44.939483],[33.873181,44.939436],[33.872968,44.939361],[33.872062,44.938813],[33.870696,44.939127],[33.867461,44.939885],[33.864826,44.940503],[33.864303,44.940284],[33.86388,44.939493],[33.862864,44.939945],[33.860897,44.940782],[33.859005,44.941491],[33.856535,44.94243]],[[33.93033,44.961367],[33.92996,44.96134],[33.930122,44.960219],[33.93006,44.960215],[33.92972,44.958844],[33.928927,44.955759],[33.927521,44.955844],[33.927441,44.952769],[33.929678,44.952347],[33.9297,44.952316],[33.930342,44.951177],[33.930501,44.949734],[33.931278,44.949553],[33.935946,44.948655],[33.940181,44.947753],[33.940637,44.949388],[33.940793,44.950474],[33.939941,44.951488],[33.939084,44.951614],[33.937278,44.950191],[33.936892,44.950255],[33.938483,44.953479],[33.935388,44.954709],[33.934347,44.953511],[33.933851,44.95376],[33.934188,44.954269],[33.935039,44.955562],[33.935814,44.95591],[33.936578,44.956693],[33.937781,44.957074],[33.938232,44.957566],[33.937203,44.957734],[33.937041,44.958449],[33.937205,44.958777],[33.938157,44.958906],[33.937721,44.959739],[33.936674,44.961098],[33.93486,44.961121],[33.934865,44.960657],[33.933498,44.960693],[33.93278,44.961251],[33.931993,44.961259],[33.93196,44.961488],[33.930906,44.96141],[33.93033,44.961367]],[[33.924664,44.962089],[33.924646,44.964491],[33.922466,44.964518],[33.921414,44.967703],[33.920151,44.967605],[33.914511,44.96603],[33.915455,44.963229],[33.915781,44.962556],[33.918582,44.96233],[33.917675,44.960138],[33.917448,44.959624],[33.91937,44.958234],[33.920154,44.955333],[33.917746,44.954493],[33.918367,44.95567],[33.918203,44.957104],[33.915533,44.957723],[33.913979,44.957322],[33.912898,44.952999],[33.91293,44.952962],[33.922382,44.951156],[33.924191,44.950779],[33.924632,44.951657],[33.924148,44.95394],[33.923992,44.954306],[33.923975,44.954395],[33.92393,44.954699],[33.923967,44.954833],[33.924093,44.955049],[33.924306,44.955613],[33.924387,44.956214],[33.92587,44.957693],[33.925885,44.958153],[33.924481,44.958109],[33.924673,44.96087],[33.924664,44.962089]],[[33.837249,44.99773],[33.836093,44.997748],[33.83577,44.997808],[33.834253,44.997824],[33.8328,44.997837],[33.832239,44.997869],[33.831733,44.997817],[33.83152,44.997778],[33.831343,44.997697],[33.831284,44.997625],[33.831271,44.997626],[33.831221,44.997592],[33.831036,44.997505],[33.830397,44.997507],[33.830402,44.997653],[33.830021,44.997659],[33.830016,44.997509],[33.828741,44.997513],[33.828696,44.99644],[33.828691,44.996212],[33.828686,44.99598],[33.828687,44.995928],[33.828673,44.995215],[33.828657,44.995115],[33.828635,44.994575],[33.828493,44.992478],[33.828356,44.991132],[33.828338,44.990997],[33.828312,44.990743],[33.828294,44.990569],[33.828256,44.990223],[33.828242,44.990051],[33.828228,44.98988],[33.828214,44.98971],[33.8282,44.989541],[33.828186,44.989372],[33.828172,44.989205],[33.828157,44.989021],[33.828715,44.98896],[33.829171,44.988911],[33.829567,44.988868],[33.829506,44.98846],[33.82917,44.988304],[33.828955,44.987527],[33.831677,44.987146],[33.831639,44.986979],[33.834092,44.986676],[33.834155,44.986664],[33.834245,44.986648],[33.834285,44.986781],[33.834472,44.986755],[33.834941,44.988293],[33.835621,44.988225],[33.835607,44.988216],[33.835591,44.988207],[33.835573,44.988198],[33.83566,44.988189],[33.835678,44.988202],[33.835696,44.988215],[33.835698,44.988217],[33.837058,44.98808],[33.837055,44.988077],[33.837048,44.988069],[33.837041,44.988062],[33.837033,44.988055],[33.837024,44.988049],[33.837084,44.988043],[33.837093,44.988052],[33.837101,44.988061],[33.837108,44.988071],[33.837111,44.988075],[33.838235,44.987962],[33.838232,44.987959],[33.838216,44.987942],[33.838273,44.987937],[33.838289,44.987956],[33.83844,44.987941],[33.838439,44.987934],[33.838598,44.987925],[33.83889,44.987896],[33.83889,44.987885],[33.839844,44.987791],[33.839851,44.987799],[33.840219,44.987762],[33.840153,44.989233],[33.840139,44.989962],[33.840149,44.992251],[33.840164,44.995038],[33.840166,44.996171],[33.840077,44.996358],[33.83892,44.996415],[33.838937,44.996909],[33.837897,44.996909],[33.837576,44.99714],[33.83759,44.997336],[33.837292,44.997338],[33.837249,44.99773]]],[[[33.622505,44.991591],[33.622513,44.991341],[33.622646,44.984761],[33.622716,44.982275],[33.622838,44.982271],[33.624557,44.982211],[33.624552,44.982121],[33.624546,44.982041],[33.62458,44.981976],[33.624954,44.98127],[33.625112,44.980946],[33.624924,44.980954],[33.624663,44.980964],[33.624402,44.980974],[33.62414,44.980984],[33.624123,44.980985],[33.623879,44.980994],[33.623618,44.981005],[33.623364,44.981015],[33.623357,44.981015],[33.623095,44.981025],[33.622834,44.981035],[33.622605,44.981044],[33.622572,44.981045],[33.622311,44.981056],[33.62205,44.981066],[33.621845,44.981074],[33.621788,44.981076],[33.621527,44.981086],[33.621266,44.981096],[33.621086,44.981103],[33.621004,44.981107],[33.620743,44.981117],[33.620482,44.981127],[33.62022,44.981137],[33.619959,44.981147],[33.619698,44.981157],[33.619503,44.981165],[33.619436,44.981166],[33.619247,44.981168],[33.618969,44.981171],[33.61887,44.981172],[33.618716,44.98117],[33.618462,44.981166],[33.618272,44.981163],[33.618019,44.981158],[33.617782,44.981154],[33.617765,44.981154],[33.617508,44.981146],[33.617494,44.981145],[33.617476,44.981146],[33.617482,44.981741],[33.617491,44.982608],[33.616743,44.982636],[33.613253,44.982807],[33.608998,44.983062],[33.609048,44.983818],[33.609101,44.984625],[33.60926,44.987244],[33.609372,44.989298],[33.609479,44.991002],[33.609524,44.991612],[33.613632,44.991651],[33.620538,44.991618],[33.620572,44.991615],[33.620823,44.99159],[33.620921,44.99159],[33.621013,44.991591],[33.621216,44.991591],[33.621415,44.991591],[33.621612,44.991588],[33.622505,44.991591]]]]}},{"type":"Feature","properties":{"name":"ХАНФИЛД — участок 4","kind":"territory","color":"#455A64","source_file":"Координаты_Крымское_ЛОХ_и_ХАНФИЛД.xlsx","source_sheet":"ХАНФИЛД 4","source_point_count":40,"source_pages":[1360],"internal_ring_count":0,"external_ring_count":1,"geometry_repairs":[],"degenerate_internal_points":[],"removed_consecutive_duplicates":0,"geometry_note":"Основной контур и внутренние исключения разделены. Вырожденные внутренние контуры из одинаковых координат не имеют площади и не добавлены как полигоны."},"geometry":{"type":"Polygon","coordinates":[[[33.936151,45.238214],[33.934038,45.243975],[33.945289,45.244151],[33.957471,45.244291],[33.962866,45.244336],[33.972242,45.244412],[33.979743,45.244474],[33.973439,45.235461],[33.973406,45.228828],[33.973407,45.228745],[33.973024,45.228777],[33.970851,45.228767],[33.969478,45.228753],[33.968897,45.228827],[33.968649,45.22884],[33.968158,45.228787],[33.967581,45.228746],[33.965946,45.228716],[33.964078,45.228713],[33.963459,45.228709],[33.96281,45.228679],[33.961557,45.228683],[33.957825,45.228626],[33.953612,45.228595],[33.950185,45.228545],[33.949279,45.228558],[33.948645,45.228532],[33.948288,45.228545],[33.946992,45.228498],[33.945433,45.228491],[33.944713,45.228538],[33.944237,45.228488],[33.942449,45.228461],[33.941439,45.228417],[33.940429,45.228273],[33.940022,45.228218],[33.939774,45.228191],[33.939771,45.228199],[33.938827,45.23092],[33.936151,45.238214]]]}}]}
